City_ID,City,Country,Date,Lat,Lng,Max Temp,Humidity,Cloudiness,Wind Speed
0,Bundaberg,AU,2022-04-28 20:18:05,-24.85,152.35,65.21,99,53,6.91
1,New Norfolk,AU,2022-04-28 20:18:06,-42.7826,147.0587,58.5,86,0,3.47
2,Kudahuvadhoo,MV,2022-04-28 20:18:06,2.6708,72.8944,84.78,72,100,7.87
3,Ales,FR,2022-04-28 20:18:06,44.1333,4.0833,64.69,69,44,2.95
4,Coquimbo,CL,2022-04-28 20:18:07,-29.9533,-71.3436,65.93,63,0,12.66
5,Tuktoyaktuk,CA,2022-04-28 20:18:07,69.4541,-133.0374,8.6,85,100,13.8
6,Punta Arenas,CL,2022-04-28 20:13:39,-53.15,-70.9167,46.42,70,40,24.16
7,Hamilton,US,2022-04-28 20:18:06,39.1834,-84.5333,65.23,46,100,6.91
8,Tasiilaq,GL,2022-04-28 20:18:07,65.6145,-37.6368,37.56,83,7,6.49
9,Saskylakh,RU,2022-04-28 20:18:08,71.9167,114.0833,23.45,95,100,7.49
10,Thompson,CA,2022-04-28 20:14:07,55.7435,-97.8558,44.19,65,100,9.55
11,Yerofey Pavlovich,RU,2022-04-28 20:18:08,53.9667,121.9667,32.38,47,100,11.03
12,Saint Anthony,US,2022-04-28 20:15:25,45.0205,-93.218,47.48,59,100,14.97
13,Ushuaia,AR,2022-04-28 20:18:09,-54.8,-68.3,42.46,81,40,34.52
14,Diamantino,BR,2022-04-28 20:16:29,-14.4086,-56.4461,89.02,43,37,3.31
15,Tiksi,RU,2022-04-28 20:18:09,71.6872,128.8694,-0.24,98,29,5.86
16,Flinders,AU,2022-04-28 20:18:09,-34.5833,150.8552,61.88,92,1,5.01
17,Aklavik,CA,2022-04-28 20:18:10,68.2191,-135.0107,14.0,73,75,3.44
18,Sao Joao Da Barra,BR,2022-04-28 20:18:10,-21.6403,-41.0511,82.49,82,19,12.19
19,Coihaique,CL,2022-04-28 20:13:58,-45.5752,-72.0662,45.21,86,20,0.0
20,Bambous Virieux,MU,2022-04-28 20:18:10,-20.3428,57.7575,74.21,94,20,5.75
21,Songjianghe,CN,2022-04-28 20:18:11,42.1859,127.479,34.12,63,100,1.74
22,Alofi,NU,2022-04-28 20:18:11,-19.0595,-169.9187,80.49,83,40,12.66
23,Klaksvik,FO,2022-04-28 20:18:11,62.2266,-6.589,43.72,80,14,5.21
24,Ribeira Grande,PT,2022-04-28 20:18:12,38.5167,-28.7,63.0,94,75,13.8
25,Rimini,IT,2022-04-28 20:18:12,44.0241,12.5186,57.43,62,0,5.01
26,Upernavik,GL,2022-04-28 20:18:13,72.7868,-56.1549,19.56,86,27,3.53
27,Avarua,CK,2022-04-28 20:18:13,-21.2078,-159.775,80.65,83,40,9.22
28,Iqaluit,CA,2022-04-28 20:18:13,63.7506,-68.5145,19.13,57,75,8.05
29,Jamestown,US,2022-04-28 20:18:14,42.097,-79.2353,45.01,38,0,14.97
30,Airai,TL,2022-04-28 20:18:14,-8.9266,125.4092,57.33,88,91,2.08
31,Puerto Ayora,EC,2022-04-28 20:18:15,-0.7393,-90.3518,80.56,76,19,9.62
32,Mataura,NZ,2022-04-28 20:18:15,-46.1927,168.8643,40.6,99,16,1.68
33,Hovd,MN,2022-04-28 20:18:16,48.0056,91.6419,39.49,32,0,0.2
34,Ahipara,NZ,2022-04-28 20:18:16,-35.1667,173.1667,57.78,86,7,7.09
35,Kununurra,AU,2022-04-28 20:16:26,-15.7667,128.7333,73.38,88,99,3.44
36,Hobart,AU,2022-04-28 20:18:17,-42.8794,147.3294,58.86,92,20,8.05
37,Faanui,PF,2022-04-28 20:18:17,-16.4833,-151.75,81.55,71,7,23.8
38,Hithadhoo,MV,2022-04-28 20:18:17,-0.6,73.0833,84.87,70,100,7.34
39,Hasaki,JP,2022-04-28 20:18:18,35.7333,140.8333,54.28,74,99,12.75
40,Kapuskasing,CA,2022-04-28 20:17:24,49.4169,-82.4331,51.89,20,0,9.22
41,Rawah,IQ,2022-04-28 20:18:18,34.4816,41.9093,76.75,38,100,0.27
42,Victoria,HK,2022-04-28 20:15:54,22.2855,114.1577,82.18,86,19,5.01
43,Cape Town,ZA,2022-04-28 20:17:17,-33.9258,18.4232,60.91,86,20,9.22
44,Pyinmana,MM,2022-04-28 20:18:19,19.7333,96.2167,83.8,50,100,4.9
45,Dunedin,NZ,2022-04-28 20:16:45,-45.8742,170.5036,52.81,86,1,3.53
46,Dicabisagan,PH,2022-04-28 20:18:19,17.0818,122.4157,78.58,89,35,4.36
47,Hilo,US,2022-04-28 20:17:11,19.7297,-155.09,82.27,74,100,8.01
48,Bredasdorp,ZA,2022-04-28 20:18:19,-34.5322,20.0403,57.54,94,53,1.74
49,Dongsheng,CN,2022-04-28 20:18:20,39.8161,109.9776,48.33,52,100,13.42
50,Kavieng,PG,2022-04-28 20:18:20,-2.5744,150.7967,82.33,75,100,8.46
51,Yarada,IN,2022-04-28 20:18:20,17.65,83.2667,84.52,79,40,2.3
52,Iralaya,HN,2022-04-28 20:18:21,15.0,-83.2333,83.14,67,3,9.95
53,Sabla,NG,2022-04-28 20:18:21,12.7525,4.7077,89.51,24,65,10.71
54,Khatanga,RU,2022-04-28 20:18:22,71.9667,102.5,10.58,95,97,7.0
55,Nampula,MZ,2022-04-28 20:18:22,-15.1165,39.2666,66.15,88,0,5.75
56,Cururupu,BR,2022-04-28 20:18:22,-1.8283,-44.8683,81.0,79,96,5.26
57,Nanortalik,GL,2022-04-28 20:18:23,60.1432,-45.2371,38.82,82,100,2.51
58,Wanning,CN,2022-04-28 20:18:23,18.8003,110.3967,78.73,95,100,4.07
59,Rikitea,PF,2022-04-28 20:18:23,-23.1203,-134.9692,76.86,70,20,22.26
60,Sept-Iles,CA,2022-04-28 20:15:57,50.2001,-66.3821,39.06,61,100,14.97
61,Kavaratti,IN,2022-04-28 20:18:24,10.5669,72.642,84.54,76,87,5.01
62,North Bend,US,2022-04-28 20:15:25,43.4065,-124.2243,55.17,85,100,12.66
63,Cherskiy,RU,2022-04-28 20:18:24,68.75,161.3,15.69,95,100,9.44
64,Kodiak,US,2022-04-28 20:18:24,57.79,-152.4072,44.11,70,100,13.8
65,Saint George,US,2022-04-28 20:17:19,37.1041,-113.5841,84.25,12,0,14.97
66,Barrow,US,2022-04-28 20:15:55,71.2906,-156.7887,6.82,78,100,18.41
67,Ankang,CN,2022-04-28 20:18:25,32.68,109.0172,53.22,92,24,2.68
68,Denpasar,ID,2022-04-28 20:15:48,-8.65,115.2167,80.26,94,40,1.14
69,Sakakah,SA,2022-04-28 20:18:25,29.9697,40.2064,67.57,46,83,16.46
70,Asau,RO,2022-04-28 20:18:26,46.4333,26.4,49.95,100,100,4.29
71,Grand Forks,US,2022-04-28 20:18:26,47.9417,-97.4337,47.93,56,100,5.75
72,Vvedenskoye,RU,2022-04-28 20:18:26,55.4753,65.0847,60.82,65,100,5.46
73,Qasigiannguit,GL,2022-04-28 20:18:27,68.8193,-51.1922,26.85,90,100,4.03
74,Vaini,TO,2022-04-28 20:18:27,-21.2,-175.2,78.96,69,75,12.66
75,Port Macquarie,AU,2022-04-28 20:18:28,-31.4333,152.9167,61.9,91,21,7.56
76,Matara,LK,2022-04-28 20:18:28,5.9485,80.5353,80.51,82,100,5.44
77,Saint-Philippe,RE,2022-04-28 20:18:28,-21.3585,55.7679,74.79,81,26,7.05
78,Hobyo,SO,2022-04-28 20:18:29,5.3505,48.5268,84.18,72,8,13.2
79,Yellowknife,CA,2022-04-28 20:17:25,62.456,-114.3525,39.72,48,75,20.71
80,Maniitsoq,GL,2022-04-28 20:18:29,65.4167,-52.9,29.46,98,100,1.99
81,Ahuimanu,US,2022-04-28 20:18:29,21.4447,-157.8378,82.11,65,20,12.66
82,Kapaa,US,2022-04-28 20:18:30,22.0752,-159.319,78.78,84,100,11.5
83,La Peca,PE,2022-04-28 20:18:30,-5.6111,-78.435,72.91,87,100,3.98
84,Hermanus,ZA,2022-04-28 20:18:31,-34.4187,19.2345,57.79,85,99,6.78
85,Udimskiy,RU,2022-04-28 20:18:31,61.1417,45.9144,22.14,86,18,4.79
86,Korla,CN,2022-04-28 20:18:31,41.7597,86.1469,51.78,56,79,9.1
87,East London,ZA,2022-04-28 20:18:32,-33.0153,27.9116,66.24,52,0,5.93
88,Cabo San Lucas,MX,2022-04-28 20:18:32,22.8909,-109.9124,88.9,30,0,11.5
89,Yulara,AU,2022-04-28 20:18:32,-25.2406,130.9889,75.04,35,99,8.05
90,Castro,BR,2022-04-28 20:18:33,-24.7911,-50.0119,68.77,84,91,4.43
91,Mahebourg,MU,2022-04-28 20:18:33,-20.4081,57.7,74.25,94,20,5.75
92,Curaca,BR,2022-04-28 20:18:33,-8.9903,-39.9094,83.32,53,100,20.69
93,Atuona,PF,2022-04-28 20:18:33,-9.8,-139.0333,78.51,78,46,20.76
94,Anjar,IN,2022-04-28 20:18:34,23.1333,70.0167,83.55,49,0,11.07
95,Los Llanos De Aridane,ES,2022-04-28 20:18:34,28.6585,-17.9182,62.35,91,20,10.36
96,Altos,BR,2022-04-28 20:14:37,-5.0381,-42.46,82.71,74,99,0.29
97,Ippy,CF,2022-04-28 20:18:34,6.2679,21.2247,74.05,86,100,4.07
98,Isiro,CD,2022-04-28 20:18:35,2.7739,27.616,66.38,99,100,3.13
99,Alta,NO,2022-04-28 20:15:52,69.9689,23.2717,25.2,87,100,3.44
100,Sobolevo,RU,2022-04-28 20:18:35,54.4299,31.8996,35.71,59,4,3.8
101,Hambantota,LK,2022-04-28 20:18:35,6.1241,81.1185,81.46,80,100,8.55
102,Sola,VU,2022-04-28 20:18:36,-13.8833,167.55,79.83,79,100,3.38
103,Syracuse,IT,2022-04-28 20:18:36,37.0881,15.2792,61.97,66,100,7.52
104,Bubaque,GW,2022-04-28 20:18:36,11.2833,-15.8333,77.92,74,85,19.69
105,Mount Gambier,AU,2022-04-28 20:18:37,-37.8333,140.7667,62.51,82,100,6.91
106,San Patricio,US,2022-04-28 20:18:37,28.017,-97.5169,87.75,52,20,19.82
107,Berezanka,UA,2022-04-28 20:18:37,46.8526,31.388,55.0,66,100,15.23
108,Constitucion,CL,2022-04-28 20:15:56,-35.3333,-72.4167,59.5,53,0,13.76
109,Muskegon,US,2022-04-28 20:18:38,43.3,-86.1334,55.26,28,75,9.22
110,Bluff,NZ,2022-04-28 20:18:38,-46.6,168.3333,47.12,88,58,6.49
111,Hearst,CA,2022-04-28 20:18:38,49.6835,-83.6665,52.05,46,8,4.99
112,Brighton,GB,2022-04-28 20:18:39,50.8284,-0.1395,52.83,76,100,11.01
113,Cali,CO,2022-04-28 20:18:39,3.4372,-76.5225,71.6,88,100,4.61
114,Karratha,AU,2022-04-28 20:18:39,-20.7377,116.8463,72.52,80,100,11.41
115,Suluq,LY,2022-04-28 20:18:40,31.6682,20.2521,77.09,18,0,27.2
116,Lethem,GY,2022-04-28 20:18:40,3.3803,-59.7968,90.75,50,93,4.83
117,Havre-Saint-Pierre,CA,2022-04-28 20:18:40,50.2334,-63.5986,37.76,93,100,16.11
118,Kamenka,RU,2022-04-28 20:18:41,51.3223,42.7678,44.22,65,80,7.02
119,La Ronge,CA,2022-04-28 20:18:41,55.1001,-105.2842,50.22,53,75,10.36
120,Ntchisi,MW,2022-04-28 20:18:41,-13.5278,33.9149,56.73,92,79,3.56
121,Cap Malheureux,MU,2022-04-28 20:18:42,-19.9842,57.6142,74.46,79,0,3.0
122,Clyde River,CA,2022-04-28 20:18:42,70.4692,-68.5914,8.83,85,75,16.11
123,Alausi,EC,2022-04-28 20:18:43,-2.2,-78.8333,53.33,87,100,2.28
124,Longyearbyen,SJ,2022-04-28 20:18:43,78.2186,15.6401,8.44,56,40,19.57
125,Lagos,NG,2022-04-28 20:13:52,6.5833,3.75,79.18,81,86,5.79
126,Am Timan,TD,2022-04-28 20:18:44,11.0297,20.2827,89.76,41,32,4.25
127,Marystown,CA,2022-04-28 20:18:44,47.1666,-55.1483,42.28,77,100,10.36
128,Busselton,AU,2022-04-28 20:18:44,-33.65,115.3333,56.68,75,53,5.84
129,Jiuquan,CN,2022-04-28 20:18:45,39.7432,98.5174,49.69,22,100,11.45
130,Sarab,IR,2022-04-28 20:18:45,38.6066,44.9883,60.58,63,34,2.15
131,Chuy,UY,2022-04-28 20:18:45,-33.6971,-53.4616,63.97,58,0,8.12
132,Bandarbeyla,SO,2022-04-28 20:18:45,9.4942,50.8122,83.41,77,24,8.77
133,Torquay,GB,2022-04-28 20:18:46,50.4638,-3.5143,53.22,76,49,1.99
134,Samarai,PG,2022-04-28 20:18:46,-10.6167,150.6667,81.5,78,35,9.26
135,Chokurdakh,RU,2022-04-28 20:18:46,70.6333,147.9167,-8.1,100,100,3.87
136,Severo-Kurilsk,RU,2022-04-28 20:18:47,50.6789,156.125,33.17,95,100,19.8
137,Belaya Gora,RU,2022-04-28 20:18:47,68.5333,146.4167,2.26,99,99,1.95
138,Amapa,BR,2022-04-28 20:18:47,1.0,-52.0,77.95,97,100,3.56
139,Ballina,AU,2022-04-28 20:18:48,-28.8667,153.5667,67.01,96,75,1.14
140,Qandala,SO,2022-04-28 20:17:27,11.472,49.8728,86.76,66,92,14.67
141,Buala,SB,2022-04-28 20:18:48,-8.145,159.5921,80.29,82,95,4.32
142,Cidreira,BR,2022-04-28 20:18:48,-30.1811,-50.2056,66.42,90,100,4.47
143,Namibe,AO,2022-04-28 20:18:49,-15.1961,12.1522,72.88,73,30,5.55
144,Waipawa,NZ,2022-04-28 20:18:49,-41.4122,175.5153,50.67,76,88,2.84
145,Albany,US,2022-04-28 20:18:49,42.6001,-73.9662,54.18,23,6,8.01
146,Nemuro,JP,2022-04-28 20:14:19,43.3236,145.575,39.42,70,100,15.66
147,Eldorado,BR,2022-04-28 20:18:50,-23.7869,-54.2836,79.92,63,96,8.55
148,Sur,OM,2022-04-28 20:18:50,22.5667,59.5289,88.03,50,91,6.17
149,Chadiza,ZM,2022-04-28 20:18:50,-14.0678,32.4392,60.69,83,75,5.88
150,Qaanaaq,GL,2022-04-28 20:15:17,77.484,-69.3632,30.38,88,100,4.76
151,Bafoulabe,ML,2022-04-28 20:18:51,13.8065,-10.8321,98.29,14,30,4.63
152,Jalu,LY,2022-04-28 20:18:51,29.0331,21.5482,88.72,9,100,18.57
153,Nikolskoye,RU,2022-04-28 20:18:51,59.7035,30.7861,36.81,62,100,4.72
154,Havoysund,NO,2022-04-28 20:18:52,70.9963,24.6622,25.03,64,100,18.28
155,Kruisfontein,ZA,2022-04-28 20:18:52,-34.0033,24.7314,58.37,65,18,3.22
156,Puerto Leguizamo,CO,2022-04-28 20:18:53,-0.1934,-74.7819,79.93,85,99,3.44
157,Sitka,US,2022-04-28 20:18:53,57.0531,-135.33,49.89,57,20,6.91
158,Surt,LY,2022-04-28 20:18:53,31.2089,16.5887,64.58,79,3,15.14
159,Anadyr,RU,2022-04-28 20:18:54,64.75,177.4833,25.3,86,0,4.47
160,Saint-Pierre,RE,2022-04-28 20:18:54,-21.3393,55.4781,74.91,75,0,5.75
161,Richards Bay,ZA,2022-04-28 20:18:54,-28.783,32.0377,65.79,85,0,10.0
162,Goderich,CA,2022-04-28 20:15:25,43.7501,-81.7165,39.52,45,2,16.11
163,Mandera,KE,2022-04-28 20:18:55,3.9366,41.867,84.4,58,100,13.18
164,Chapais,CA,2022-04-28 20:18:55,49.7834,-74.8492,35.38,52,6,13.04
165,San Rafael Del Sur,NI,2022-04-28 20:18:56,11.8485,-86.4384,92.37,40,57,5.79
166,Arraial Do Cabo,BR,2022-04-28 20:18:36,-22.9661,-42.0278,82.26,65,0,14.97
167,San Felipe,VE,2022-04-28 20:18:56,10.3399,-68.7425,77.04,88,100,5.88
168,Padang,ID,2022-04-28 20:14:46,-0.9492,100.3543,77.4,88,99,3.56
169,Port Elizabeth,ZA,2022-04-28 20:18:56,-33.918,25.5701,60.31,79,0,0.0
170,Krasnoselkup,RU,2022-04-28 20:18:57,65.7,82.4667,25.97,96,100,16.24
171,Abu Dhabi,AE,2022-04-28 20:15:07,24.4667,54.3667,81.97,71,100,9.19
172,Mar Del Plata,AR,2022-04-28 20:16:05,-38.0023,-57.5575,51.82,81,75,17.27
173,Sao Filipe,CV,2022-04-28 20:18:57,14.8961,-24.4956,72.28,71,0,11.68
174,Vila Velha,BR,2022-04-28 20:18:58,-20.3297,-40.2925,82.35,79,0,9.22
175,Broken Hill,AU,2022-04-28 20:18:58,-31.95,141.4333,60.51,82,98,8.05
176,Rawson,AR,2022-04-28 20:18:58,-43.3002,-65.1023,51.06,32,53,13.58
177,Fairbanks,US,2022-04-28 20:15:34,64.8378,-147.7164,51.1,44,40,1.01
178,Fortuna,US,2022-04-28 20:18:59,40.5982,-124.1573,60.93,61,20,13.8
179,Muros,ES,2022-04-28 20:16:05,42.7762,-9.0603,59.09,72,52,10.29
180,Port Hedland,AU,2022-04-28 20:18:59,-20.3167,118.5667,71.65,100,40,11.5
181,Codrington,AU,2022-04-28 20:19:00,-38.2667,141.9667,64.8,68,74,14.23
182,Corrales,US,2022-04-28 20:16:38,35.2378,-106.6067,80.4,10,0,13.0
183,Saint-Joseph,RE,2022-04-28 20:19:00,-21.3667,55.6167,73.78,80,16,3.74
184,Mookane,BW,2022-04-28 20:19:00,-23.688,26.6595,64.26,47,1,3.4
185,Shache,CN,2022-04-28 20:16:11,38.4167,77.2406,61.72,21,74,6.49
186,Pedernales,DO,2022-04-28 20:19:01,18.0384,-71.744,81.86,59,68,4.43
187,Del Rio,US,2022-04-28 20:14:29,29.3627,-100.8968,82.8,54,100,14.97
188,Port Alfred,ZA,2022-04-28 20:19:01,-33.5906,26.891,66.31,58,2,9.64
189,Vestmannaeyjar,IS,2022-04-28 20:19:02,63.4427,-20.2734,46.83,77,15,3.78
190,Mogadishu,SO,2022-04-28 20:19:02,2.0371,45.3438,83.59,74,100,12.44
191,Makakilo City,US,2022-04-28 20:16:09,21.3469,-158.0858,80.92,56,0,17.27
192,Madras,IN,2022-04-28 20:14:50,13.0878,80.2785,85.98,87,40,8.05
193,Kralendijk,BQ,2022-04-28 20:19:03,12.15,-68.2667,82.38,74,100,16.11
194,Quatre Cocos,MU,2022-04-28 20:19:04,-20.2078,57.7625,74.08,77,0,1.9
195,Camacha,PT,2022-04-28 20:19:04,33.0833,-16.3333,60.22,67,20,9.22
196,Pemangkat,ID,2022-04-28 20:19:04,1.1667,108.9667,78.48,88,91,4.27
197,Vardo,NO,2022-04-28 20:19:05,70.3705,31.1107,19.38,93,100,24.16
198,Mayo,US,2022-04-28 20:19:05,38.8876,-76.5119,60.75,31,0,16.11
199,Platanos,GR,2022-04-28 20:19:05,37.6667,21.6167,65.57,66,12,4.68
200,Manokwari,ID,2022-04-28 20:19:06,-0.8667,134.0833,78.03,77,100,4.0
201,Kaitangata,NZ,2022-04-28 20:19:06,-46.2817,169.8464,43.43,95,14,3.58
202,Vestmanna,FO,2022-04-28 20:16:06,62.1564,-7.1664,41.92,87,100,4.61
203,Hami,CN,2022-04-28 20:19:07,42.8,93.45,56.95,17,98,12.06
204,Beringovskiy,RU,2022-04-28 20:19:07,63.05,179.3167,20.62,96,88,9.95
205,Guerrero Negro,MX,2022-04-28 20:19:08,27.9769,-114.0611,66.45,56,0,18.39
206,Cockburn Town,TC,2022-04-28 20:14:54,21.4612,-71.1419,75.58,58,41,11.12
207,Astara,AZ,2022-04-28 20:19:08,38.5,48.6667,56.1,63,8,4.34
208,Iquitos,PE,2022-04-28 20:14:42,-3.7481,-73.2472,86.04,70,75,2.3
209,Esperance,AU,2022-04-28 20:19:08,-33.8667,121.9,51.64,74,75,11.77
210,Goundam,ML,2022-04-28 20:19:09,16.4145,-3.6708,88.21,8,2,6.78
211,El Cobre,CU,2022-04-28 20:19:09,20.0489,-75.9469,81.84,61,40,8.05
212,Ayagoz,KZ,2022-04-28 20:19:09,47.9714,80.4392,48.81,40,0,5.01
213,Dikson,RU,2022-04-28 20:19:10,73.5069,80.5464,9.73,92,93,21.52
214,Blythe,US,2022-04-28 20:19:10,33.6103,-114.5964,90.05,12,0,17.27
215,Bac Lieu,VN,2022-04-28 20:19:10,9.285,105.7244,82.96,74,97,4.92
216,Amot,NO,2022-04-28 20:19:11,59.5714,7.9877,30.67,92,13,5.1
217,Sinjar,IQ,2022-04-28 20:19:12,36.3209,41.8754,69.12,49,79,7.02
218,Santa Cruz De La Palma,ES,2022-04-28 20:19:12,28.6835,-17.7642,66.34,72,20,10.36
219,Carnarvon,AU,2022-04-28 20:19:12,-24.8667,113.6333,59.07,82,0,9.22
220,Archdale,US,2022-04-28 20:19:13,35.9146,-79.972,74.14,36,7,10.69
221,Jumla,NP,2022-04-28 20:15:05,29.2747,82.1838,51.58,50,6,4.36
222,Longhua,CN,2022-04-28 20:19:14,23.6137,114.1919,74.95,96,9,1.25
223,Aykhal,RU,2022-04-28 20:19:14,66.0,111.5,22.19,88,100,7.14
224,Puerto Ayacucho,VE,2022-04-28 20:19:14,5.6639,-67.6236,87.3,67,93,3.18
225,Saldanha,ZA,2022-04-28 20:19:15,-33.0117,17.9442,59.25,91,0,13.35
226,Half Moon Bay,US,2022-04-28 20:16:24,37.4636,-122.4286,64.89,62,0,25.32
227,Luderitz,NA,2022-04-28 20:19:15,-26.6481,15.1594,60.93,71,0,7.58
228,Gat,IL,2022-04-28 20:19:15,31.61,34.7642,69.4,62,0,2.93
229,Caxito,AO,2022-04-28 20:19:16,-8.5785,13.6643,74.98,98,100,2.93
230,Hauterive,FR,2022-04-28 20:19:16,46.0901,3.4459,61.56,70,76,3.51
231,Port Moresby,PG,2022-04-28 20:18:13,-9.4431,147.1797,76.42,94,40,3.44
232,Ugoofaaru,MV,2022-04-28 20:19:16,5.6667,73.0,84.74,70,94,3.47
233,Itarema,BR,2022-04-28 20:14:41,-2.9248,-39.9167,79.66,86,91,10.8
234,Gamba,GA,2022-04-28 20:19:17,-2.65,10.0,78.26,86,100,3.0
235,Tura,IN,2022-04-28 20:19:17,25.5198,90.2201,74.16,82,0,3.6
236,Namatanai,PG,2022-04-28 20:19:17,-3.6667,152.4333,78.73,79,100,5.57
237,Portland,US,2022-04-28 20:14:57,45.5234,-122.6762,55.63,76,100,3.44
238,Bua Yai,TH,2022-04-28 20:19:18,15.5855,102.4259,81.86,92,100,10.4
239,Xiongzhou,CN,2022-04-28 20:19:18,25.1167,114.3,75.85,90,99,2.08
240,Ilulissat,GL,2022-04-28 20:19:19,69.2167,-51.1,26.62,86,100,5.75
241,Marawi,PH,2022-04-28 20:19:19,7.9986,124.2928,70.03,90,100,1.57
242,Hosdurga,IN,2022-04-28 20:19:19,13.7981,76.2861,80.35,68,4,5.19
243,Sinjhoro,PK,2022-04-28 20:19:20,26.0303,68.809,87.87,47,0,17.92
244,Lebu,CL,2022-04-28 20:19:20,-37.6167,-73.65,54.18,68,9,14.7
245,Bialystok,PL,2022-04-28 20:15:22,53.1333,23.15,38.97,77,11,2.21
246,Te Anau,NZ,2022-04-28 20:19:20,-45.4167,167.7167,44.38,94,51,1.03
247,Innisfail,AU,2022-04-28 20:15:24,-17.5333,146.0333,74.07,88,100,8.55
248,Pevek,RU,2022-04-28 20:19:21,69.7008,170.3133,19.76,97,100,2.21
249,Le Passage,FR,2022-04-28 20:19:21,44.2014,0.6028,61.59,82,0,5.75
250,Nargana,PA,2022-04-28 20:19:22,9.4428,-78.5906,79.83,83,100,5.88
251,Igunga,TZ,2022-04-28 20:19:22,-4.2833,33.8833,68.25,78,74,7.07
252,Ravar,IR,2022-04-28 20:19:22,31.2656,56.8055,75.58,25,89,3.2
253,Alexandria,EG,2022-04-28 20:16:12,31.2156,29.9553,66.45,66,1,8.79
254,Tahlequah,US,2022-04-28 20:19:23,35.9154,-94.97,65.48,68,78,11.5
255,Libertador General San Martin,AR,2022-04-28 20:19:23,-23.8064,-64.7876,68.95,84,100,2.55
256,Kloulklubed,PW,2022-04-28 20:19:24,7.0419,134.2556,73.9,76,100,4.43
257,Port-Gentil,GA,2022-04-28 20:19:24,-0.7193,8.7815,80.56,83,20,3.44
258,Bethel,US,2022-04-28 20:19:25,41.3712,-73.414,55.63,28,0,13.8
259,Zabid,YE,2022-04-28 20:19:25,14.1951,43.3152,90.82,36,1,8.41
260,Asmar,AF,2022-04-28 20:19:26,35.0333,71.3581,70.99,48,26,10.13
261,Provideniya,RU,2022-04-28 20:19:26,64.3833,-173.3,29.95,79,47,14.99
262,Alta Floresta,BR,2022-04-28 20:19:26,-9.8756,-56.0861,89.42,55,20,4.61
263,Pisco,PE,2022-04-28 20:19:27,-13.7,-76.2167,71.65,68,0,12.66
264,Cairns,AU,2022-04-28 20:17:23,-16.9167,145.7667,75.15,89,75,13.8
265,Stornoway,GB,2022-04-28 20:14:51,58.2093,-6.3865,50.94,74,100,8.05
266,Butaritari,KI,2022-04-28 20:19:28,3.0707,172.7902,81.52,79,100,16.24
267,Srednekolymsk,RU,2022-04-28 20:16:10,67.45,153.6833,9.95,94,99,5.46
268,Sorland,NO,2022-04-28 20:19:28,67.667,12.6934,31.86,58,100,16.04
269,Faya,SA,2022-04-28 20:19:28,18.3851,42.4509,62.71,42,0,0.36
270,Tuatapere,NZ,2022-04-28 20:19:29,-46.1333,167.6833,44.6,94,25,4.16
271,Dongtai,CN,2022-04-28 20:19:29,32.8523,120.3095,49.96,91,100,10.8
272,Namtsy,RU,2022-04-28 20:19:29,62.7161,129.6658,12.67,97,34,4.07
273,Shimoda,JP,2022-04-28 20:19:30,34.6667,138.95,57.11,82,94,13.91
274,Sisimiut,GL,2022-04-28 20:19:30,66.9395,-53.6735,25.03,93,100,4.0
275,Bagotville,AU,2022-04-28 20:19:30,-28.9833,153.4167,66.85,99,100,1.19
276,Kinkala,CG,2022-04-28 20:19:31,-4.3614,14.7644,72.72,91,92,1.01
277,Necochea,AR,2022-04-28 20:19:31,-38.5473,-58.7368,52.72,59,87,19.1
278,Ureki,GE,2022-04-28 20:19:31,41.9956,41.7786,53.56,90,87,4.32
279,Ahtopol,BG,2022-04-28 20:19:32,42.1,27.95,52.97,87,35,5.17
280,Halifax,CA,2022-04-28 20:16:55,44.6453,-63.5724,44.53,93,100,4.0
281,Riyadh,SA,2022-04-28 20:19:32,24.6877,46.7219,69.94,49,100,4.92
282,Rupert,US,2022-04-28 20:19:32,42.6191,-113.6772,59.18,44,0,0.0
283,Aibonito,PR,2022-04-28 20:19:33,18.14,-66.266,76.62,66,38,8.84
284,Georgetown,MY,2022-04-28 20:19:33,5.4112,100.3354,80.55,90,20,4.61
285,Thinadhoo,MV,2022-04-28 20:19:33,0.5333,72.9333,84.54,71,100,6.42
286,Queanbeyan,AU,2022-04-28 20:19:34,-35.35,149.2333,59.58,97,75,9.22
287,Haines Junction,CA,2022-04-28 20:19:34,60.7522,-137.5108,40.95,75,100,3.44
288,Maningrida,AU,2022-04-28 20:19:34,-12.0667,134.2667,77.85,86,88,4.76
289,Santiago Del Estero,AR,2022-04-28 20:19:35,-27.7951,-64.2615,69.6,33,100,7.67
290,Sabha,LY,2022-04-28 20:19:35,27.0377,14.4283,82.29,10,0,8.5
291,Plettenberg Bay,ZA,2022-04-28 20:19:35,-34.0527,23.3716,60.3,74,3,2.17
292,Jacareacanga,BR,2022-04-28 20:19:36,-6.2222,-57.7528,84.58,70,93,4.5
293,Magugu,TZ,2022-04-28 20:19:36,-4.0167,35.7667,64.47,94,40,2.93
294,Zhigansk,RU,2022-04-28 20:19:36,66.7697,123.3711,7.9,98,51,7.47
295,Porto Novo,BJ,2022-04-28 20:17:14,6.4965,2.6036,80.42,76,64,5.95
296,Houma,US,2022-04-28 20:19:37,29.5958,-90.7195,84.0,39,0,8.05
297,Elat,IL,2022-04-28 20:17:39,29.5581,34.9482,80.44,22,0,16.11
298,Kortkeros,RU,2022-04-28 20:19:37,61.8106,51.5806,30.2,85,38,3.27
299,Victor Harbor,AU,2022-04-28 20:19:38,-35.5667,138.6167,63.68,83,100,9.35
300,Oudtshoorn,ZA,2022-04-28 20:19:38,-33.5907,22.2014,48.56,60,4,1.34
301,Torbay,CA,2022-04-28 20:19:38,47.6666,-52.7314,47.75,88,100,8.05
302,Tiangua,BR,2022-04-28 20:19:39,-3.7322,-40.9917,72.28,93,74,3.2
303,Camopi,GF,2022-04-28 20:19:39,3.1655,-52.3158,78.39,96,99,3.53
304,Ponta Do Sol,PT,2022-04-28 20:19:40,32.6667,-17.1,66.0,80,92,3.49
305,Motala,SE,2022-04-28 20:19:40,58.5371,15.0365,44.33,60,70,6.82
306,Klenovyy,UA,2022-04-28 20:19:40,48.1193,39.4588,55.71,61,100,7.76
307,Rosarito,MX,2022-04-28 20:19:41,32.3333,-117.0333,68.23,64,3,11.56
308,Qiongshan,CN,2022-04-28 20:19:41,20.0058,110.3542,78.78,94,20,4.47
309,Bulgan,MN,2022-04-28 20:19:41,48.8125,103.5347,30.74,45,31,1.48
310,Nicoya,CR,2022-04-28 20:19:42,10.1483,-85.452,89.56,53,99,3.06
311,San-Pedro,CI,2022-04-28 20:19:42,4.7485,-6.6363,80.38,79,65,4.32
312,Touros,BR,2022-04-28 20:19:42,-5.1989,-35.4608,81.77,75,98,14.67
313,Nevelsk,RU,2022-04-28 20:19:43,46.6733,141.8633,36.57,74,2,10.83
314,Kerrville,US,2022-04-28 20:19:43,30.0474,-99.1403,80.46,54,75,17.27
315,Novyy Urengoy,RU,2022-04-28 20:19:43,66.0833,76.6333,19.99,88,100,10.25
316,Otradnoye,RU,2022-04-28 20:19:44,59.7775,30.8181,36.97,62,100,4.81
317,College,US,2022-04-28 20:19:44,64.8569,-147.8028,51.1,45,40,0.0
318,Zlobin,HR,2022-04-28 20:19:44,45.2924,14.6541,52.9,45,0,4.61
319,Coihueco,CL,2022-04-28 20:16:55,-36.6167,-71.8333,57.94,47,0,13.8
320,Bilibino,RU,2022-04-28 20:19:45,68.0546,166.4372,24.57,91,100,1.92
321,Camacupa,AO,2022-04-28 20:19:45,-12.0167,17.4833,66.65,71,100,1.99
322,Port Lincoln,AU,2022-04-28 20:19:46,-34.7333,135.8667,61.77,89,100,8.63
323,Jaque,PA,2022-04-28 20:19:46,7.5175,-78.1703,81.32,81,98,3.06
324,Honiara,SB,2022-04-28 20:19:46,-9.4333,159.95,77.76,85,92,3.53
325,Baykit,RU,2022-04-28 20:19:47,61.67,96.37,38.05,99,100,4.14
326,Hofn,IS,2022-04-28 20:19:47,64.2539,-15.2082,46.27,79,10,6.6
327,Eureka,US,2022-04-28 20:15:15,40.8021,-124.1637,58.68,64,26,8.99
328,Port Blair,IN,2022-04-28 20:19:47,11.6667,92.75,82.58,81,100,5.37
329,Narsaq,GL,2022-04-28 20:19:48,60.9167,-46.05,52.02,64,100,1.25
330,Nouakchott,MR,2022-04-28 20:19:48,18.0858,-15.9785,78.73,59,0,18.5
331,Caravelas,BR,2022-04-28 20:19:48,-17.7125,-39.2481,78.3,74,0,5.3
332,Sioux Lookout,CA,2022-04-28 20:15:25,50.1001,-91.917,48.27,14,75,11.5
333,Suchedniow,PL,2022-04-28 20:19:49,51.0478,20.8292,45.21,92,86,4.9
334,Bengkulu,ID,2022-04-28 20:19:49,-3.8004,102.2655,77.25,87,100,3.62
335,Valdivia,CL,2022-04-28 20:15:25,-39.8142,-73.2459,55.49,62,70,1.34
336,Colesberg,ZA,2022-04-28 20:19:49,-30.72,25.0972,60.35,56,98,4.21
337,Lasa,IT,2022-04-28 20:19:50,46.6166,10.7002,50.68,75,3,5.06
338,Khani,GE,2022-04-28 20:19:50,41.9563,42.9566,45.97,95,100,3.96
339,Umm Kaddadah,SD,2022-04-28 20:19:50,13.6017,26.6876,85.62,10,95,7.34
340,Bosaso,SO,2022-04-28 20:19:51,11.2842,49.1816,84.31,71,63,2.51
341,Kapit,MY,2022-04-28 20:19:51,2.0167,112.9333,72.73,99,95,0.87
342,Villaviciosa,ES,2022-04-28 20:19:52,43.4813,-5.4357,58.6,83,9,1.74
343,Kachiry,KZ,2022-04-28 20:19:52,53.0675,76.1036,62.11,50,87,9.08
344,Ivanteyevka,RU,2022-04-28 20:19:52,55.9711,37.9208,42.46,95,100,3.42
345,Ust-Tsilma,RU,2022-04-28 20:19:53,65.441,52.1498,24.15,81,22,7.61
346,Gillette,US,2022-04-28 20:15:17,44.2911,-105.5022,61.11,59,0,5.75
347,Vila Franca Do Campo,PT,2022-04-28 20:19:53,37.7167,-25.4333,63.19,95,100,29.26
348,Kaoma,ZM,2022-04-28 20:19:53,-14.7833,24.8,63.9,76,84,4.56
349,Okhotsk,RU,2022-04-28 20:17:28,59.3833,143.3,26.15,74,100,16.37
350,Pochutla,MX,2022-04-28 20:19:54,15.7432,-96.4661,92.82,50,43,9.53
351,Dakar,SN,2022-04-28 20:19:00,14.6937,-17.4441,74.28,88,0,13.8
352,Moron,AR,2022-04-28 20:19:54,-34.6534,-58.6198,61.97,25,1,7.56
353,Lake Havasu City,US,2022-04-28 20:15:37,34.4839,-114.3224,90.21,13,0,12.66
354,Pallasovka,RU,2022-04-28 20:19:55,50.05,46.8833,51.42,67,0,8.1
355,Olga,RU,2022-04-28 20:19:55,43.7444,135.2892,40.73,54,100,5.77
356,Guarapari,BR,2022-04-28 20:19:56,-20.6667,-40.4975,80.89,76,1,12.57
357,Talnakh,RU,2022-04-28 20:19:56,69.4865,88.3972,10.0,93,100,3.33
358,Chifeng,CN,2022-04-28 20:19:56,42.2683,118.9636,45.48,43,0,6.35
359,Sao Fidelis,BR,2022-04-28 20:19:57,-21.6461,-41.7469,82.35,66,6,0.31
360,Yibin,CN,2022-04-28 20:19:57,28.7667,104.6238,67.06,86,83,1.99
361,Raychikhinsk,RU,2022-04-28 20:19:57,49.7838,129.4121,34.9,62,14,9.4
362,Broome,US,2022-04-28 20:19:58,42.2506,-75.833,48.7,29,0,17.27
363,Saint Simons,US,2022-04-28 20:16:16,31.1352,-81.3901,75.25,36,0,16.11
364,Khanapur,IN,2022-04-28 20:19:58,15.6333,74.5167,79.68,65,58,2.84
365,Ostrovnoy,RU,2022-04-28 20:19:59,68.0531,39.5131,22.87,84,100,17.34
366,Wanaka,NZ,2022-04-28 20:19:59,-44.7,169.15,45.63,87,0,2.55
367,Leningradskiy,RU,2022-04-28 20:19:59,69.3833,178.4167,18.59,93,100,3.22
368,Penzance,GB,2022-04-28 20:20:00,50.1186,-5.5371,47.08,84,51,6.53
369,Satun,TH,2022-04-28 20:20:00,6.8333,100.0,78.8,94,19,2.37
370,Kawambwa,ZM,2022-04-28 20:20:01,-9.7915,29.0791,60.73,89,13,6.44
371,Alpena,US,2022-04-28 20:20:02,45.0617,-83.4327,48.52,31,0,13.8
372,Gornopravdinsk,RU,2022-04-28 20:20:02,60.05,69.9,49.89,97,70,7.05
373,Geraldton,AU,2022-04-28 20:20:03,-28.7667,114.6,54.01,94,0,3.44
374,Eenhana,NA,2022-04-28 20:20:03,-17.4667,16.3333,72.99,44,33,8.84
375,Yerbogachen,RU,2022-04-28 20:20:04,61.2767,108.0108,28.18,90,100,4.76
376,Auki,SB,2022-04-28 20:20:04,-8.7676,160.7034,77.76,87,96,1.79
377,Codajas,BR,2022-04-28 20:20:05,-3.8367,-62.0569,86.13,69,88,3.76
378,Praia Da Vitoria,PT,2022-04-28 20:20:05,38.7333,-27.0667,61.75,100,75,32.39
379,Doha,QA,2022-04-28 20:20:06,25.2867,51.5333,82.71,67,45,14.97
380,Fez,MA,2022-04-28 20:18:47,34.0372,-4.9998,53.85,100,75,8.05
381,Nuuk,GL,2022-04-28 20:16:05,64.1835,-51.7216,34.41,100,100,31.07
382,Sarangani,PH,2022-04-28 20:20:06,5.4033,125.4636,82.04,79,100,16.8
383,Pareora,NZ,2022-04-28 20:20:07,-44.4871,171.2132,48.18,97,89,6.33
384,Ambon,ID,2022-04-28 20:20:07,-3.6954,128.1814,75.34,100,40,0.0
385,Camana,PE,2022-04-28 20:20:07,-16.6228,-72.7111,68.16,79,97,6.46
386,Coari,BR,2022-04-28 20:20:08,-4.085,-63.1414,83.73,80,89,3.58
387,Hervey Bay,AU,2022-04-28 20:20:08,-25.2986,152.8535,67.01,94,51,5.99
388,Maicao,CO,2022-04-28 20:20:09,11.3832,-72.2432,84.24,65,89,14.36
389,Mackenzie,CA,2022-04-28 20:20:09,55.2999,-123.1698,48.42,40,40,5.75
390,San Quintin,MX,2022-04-28 20:20:09,30.4833,-115.95,63.48,65,15,21.47
391,Thayetmyo,MM,2022-04-28 20:20:10,19.3167,95.1833,86.76,58,89,1.97
392,Road Town,VG,2022-04-28 20:20:10,18.4167,-64.6167,80.69,57,20,11.5
393,Nouadhibou,MR,2022-04-28 20:20:10,20.931,-17.0347,64.38,82,1,17.27
394,Havelock,US,2022-04-28 20:20:11,34.8791,-76.9013,69.78,31,20,12.66
395,Kokopo,PG,2022-04-28 20:20:11,-4.352,152.2633,75.85,82,100,4.47
396,Tieling,CN,2022-04-28 20:20:12,42.2931,123.8414,44.56,34,0,2.48
397,Kawalu,ID,2022-04-28 20:20:12,-7.3817,108.2082,72.63,94,100,2.33
398,Shelburne,CA,2022-04-28 20:20:13,44.0787,-80.2041,45.39,31,0,13.49
399,Millinocket,US,2022-04-28 20:15:46,45.6573,-68.7098,39.31,65,100,12.66
400,Chama,CH,2022-04-28 20:20:13,47.1821,8.4636,57.15,62,7,0.0
401,Paraiso,CR,2022-04-28 20:20:14,9.8383,-83.8656,75.88,75,100,3.74
402,Pokrovsk,UA,2022-04-28 20:20:14,48.282,37.1758,56.28,51,100,10.67
403,Waingapu,ID,2022-04-28 20:20:14,-9.6567,120.2641,75.15,84,65,2.62
404,Rio Grande,BR,2022-04-28 20:20:15,-32.035,-52.0986,68.11,82,96,14.38
405,Orje,NO,2022-04-28 20:20:15,59.4802,11.6602,46.83,47,97,2.71
406,Mattru,SL,2022-04-28 20:20:16,7.6244,-11.8332,78.87,84,60,5.26
407,Edgewater,US,2022-04-28 20:16:06,28.9889,-80.9023,82.06,53,40,17.27
408,Vostok,RU,2022-04-28 20:20:16,46.4856,135.8833,27.37,82,1,3.69
409,Isangel,VU,2022-04-28 20:20:16,-19.55,169.2667,77.95,74,100,20.15
410,Muli,MV,2022-04-28 20:20:17,2.9167,73.5667,84.6,73,80,8.21
411,Linguere,SN,2022-04-28 20:20:17,15.3953,-15.1193,93.69,14,0,9.22
412,Viedma,AR,2022-04-28 20:20:18,-40.8135,-62.9967,51.4,39,41,18.75
413,Adilcevaz,TR,2022-04-28 20:20:18,38.8039,42.7342,50.85,88,100,5.75
414,Linxia,CN,2022-04-28 20:20:18,35.6003,103.2064,49.69,64,100,3.65
415,Wodonga,AU,2022-04-28 20:20:18,-36.1167,146.8833,60.8,100,100,1.14
416,Souillac,MU,2022-04-28 20:20:19,-20.5167,57.5167,71.98,94,20,5.75
417,Lagoa,PT,2022-04-28 20:20:19,39.05,-27.9833,61.14,96,100,17.2
418,Vilyuysk,RU,2022-04-28 20:20:20,63.7553,121.6247,15.78,99,85,2.89
419,Campbell River,CA,2022-04-28 20:15:24,50.0163,-125.2446,51.46,57,75,9.22
420,Letlhakeng,BW,2022-04-28 20:20:20,-24.0944,25.0298,62.71,52,2,6.87
421,Dudinka,RU,2022-04-28 20:20:20,69.4058,86.1778,3.43,99,100,3.76
422,Katsuura,JP,2022-04-28 20:20:21,35.1333,140.3,59.34,85,100,9.93
423,Beloha,MG,2022-04-28 20:20:21,-25.1667,45.05,66.58,65,72,10.18
424,San Angelo,US,2022-04-28 20:20:22,31.4638,-100.437,85.28,48,0,18.41
425,Paragominas,BR,2022-04-28 20:20:22,-2.9667,-47.4833,77.4,94,100,3.47
426,Carutapera,BR,2022-04-28 20:20:22,-1.195,-46.02,78.46,90,100,7.45
427,Norman Wells,CA,2022-04-28 20:20:23,65.282,-126.8329,37.44,56,100,4.61
428,Manggar,ID,2022-04-28 20:20:23,-2.8833,108.2667,79.59,85,82,2.98
429,Adur,IN,2022-04-28 20:20:23,9.1667,76.7333,77.97,94,97,0.63
430,Kiama,AU,2022-04-28 20:20:24,-34.6833,150.8667,64.99,92,1,5.37
431,Olafsvik,IS,2022-04-28 20:20:24,64.8945,-23.7142,45.16,81,46,9.53
432,Dymer,UA,2022-04-28 20:20:25,50.7865,30.3026,50.85,67,10,5.08
433,Garmsar,IR,2022-04-28 20:20:25,35.2182,52.3409,78.06,20,97,5.14
434,Amalapuram,IN,2022-04-28 20:20:25,16.5833,82.0167,78.55,91,8,2.91
435,Mana,GF,2022-04-28 20:20:26,5.6592,-53.7767,81.45,79,69,10.92
436,Ormara,PK,2022-04-28 20:20:26,25.2088,64.6357,83.91,76,0,16.87
437,Polson,US,2022-04-28 20:16:37,47.6936,-114.1632,52.21,46,100,2.64
438,Zaysan,KZ,2022-04-28 20:20:26,47.4667,84.8667,49.01,36,0,8.1
439,Khorixas,NA,2022-04-28 20:20:27,-20.3667,14.9667,79.65,30,94,8.34
440,Samoded,RU,2022-04-28 20:20:27,63.6083,40.5111,24.21,87,34,6.2
441,Sokoni,TZ,2022-04-28 20:20:27,-6.4333,39.55,79.59,81,53,13.24
442,Khorostkiv,UA,2022-04-28 20:20:28,49.2111,25.9217,48.04,79,100,2.37
443,Ghauspur,PK,2022-04-28 20:20:28,28.1391,69.0831,91.4,28,0,11.27
444,Tocopilla,CL,2022-04-28 20:20:29,-22.092,-70.1979,67.5,73,100,7.58
445,Pacific Grove,US,2022-04-28 20:15:52,36.6177,-121.9166,65.88,68,40,15.01
446,Telma,RU,2022-04-28 20:20:29,52.6983,103.7097,34.41,53,97,1.61
447,Toppenish,US,2022-04-28 20:19:03,46.3774,-120.3087,61.72,40,100,2.64
448,Cedar Rapids,US,2022-04-28 20:15:40,42.0083,-91.6441,58.55,77,0,12.66
449,Yamandu,SL,2022-04-28 20:20:30,7.9362,-11.4928,76.5,88,85,6.11
450,Alihe,CN,2022-04-28 20:20:30,50.5667,123.7167,36.68,41,100,1.45
451,San Vicente,AR,2022-04-28 20:20:30,-26.6167,-54.1333,72.37,78,95,4.47
452,Salalah,OM,2022-04-28 20:20:31,17.0151,54.0924,84.29,79,40,4.61
453,Paamiut,GL,2022-04-28 20:20:31,61.994,-49.6678,36.48,94,100,18.79
454,Jingdezhen,CN,2022-04-28 20:20:31,29.2947,117.2079,55.49,93,100,6.22
455,Lunino,RU,2022-04-28 20:20:32,53.5918,45.2271,37.38,80,8,5.59
456,Ancud,CL,2022-04-28 20:16:44,-41.8697,-73.8203,49.37,68,100,1.34
457,Najran,SA,2022-04-28 20:20:32,17.4924,44.1277,70.45,47,26,2.06
458,Araouane,ML,2022-04-28 20:20:33,18.9048,-3.5265,82.02,9,0,4.18
459,Flin Flon,CA,2022-04-28 20:20:33,54.7682,-101.865,46.24,53,75,8.05
460,Christchurch,NZ,2022-04-28 20:15:42,-43.5333,172.6333,45.41,100,100,0.0
461,Nha Trang,VN,2022-04-28 20:15:54,12.25,109.1833,80.6,92,100,3.94
462,Bismarck,US,2022-04-28 20:20:34,46.8083,-100.7837,60.87,49,0,9.22
463,Casa Nova,BR,2022-04-28 20:20:34,-9.4167,-41.1333,83.8,55,100,16.02
464,Krasnyy Chikoy,RU,2022-04-28 20:20:34,50.3643,108.7512,24.67,71,0,4.81
465,Shevchenkove,UA,2022-04-28 20:20:35,49.6959,37.1735,50.74,67,96,5.19
466,Gambela,ET,2022-04-28 20:16:16,8.25,34.5833,74.25,87,100,0.74
467,Aden,YE,2022-04-28 20:20:35,12.7794,45.0367,82.85,78,0,20.87
468,Villamontes,BO,2022-04-28 20:20:36,-21.25,-63.5,72.18,74,100,5.3
469,Gaoual,GN,2022-04-28 20:20:36,11.75,-13.2,93.69,24,44,3.27
470,Mehamn,NO,2022-04-28 20:20:36,71.0357,27.8492,24.71,70,100,24.9
471,Oranjemund,NA,2022-04-28 20:20:37,-28.55,16.4333,56.8,90,0,3.15
472,Kushmurun,KZ,2022-04-28 20:20:37,52.4503,64.6311,58.66,56,98,9.98
473,Stromness,GB,2022-04-28 20:20:37,58.965,-3.296,48.16,88,100,11.01
474,Baruun-Urt,MN,2022-04-28 20:20:38,46.6806,113.2792,33.37,39,57,12.12
475,Nybro,SE,2022-04-28 20:20:38,56.7446,15.9071,47.21,78,96,3.2
476,Macenta,GN,2022-04-28 20:20:38,8.5435,-9.471,68.47,99,100,3.49
477,Pital,CO,2022-04-28 20:20:39,2.2665,-75.8044,79.47,72,95,4.63
478,Lorengau,PG,2022-04-28 20:20:39,-2.0226,147.2712,80.26,76,99,0.29
479,Griffith,US,2022-04-28 20:20:39,41.5284,-87.4237,53.46,58,100,11.5
480,Rio Gallegos,AR,2022-04-28 20:20:40,-51.6226,-69.2181,46.45,61,75,25.32
481,Lingao,CN,2022-04-28 20:20:40,19.9103,109.6859,77.99,87,100,3.15
482,Batagay-Alyta,RU,2022-04-28 20:20:40,67.8006,130.4114,-2.92,97,77,5.79
483,Bandrele,YT,2022-04-28 20:20:41,-12.9067,45.1914,82.15,78,20,16.11
484,Naryan-Mar,RU,2022-04-28 20:20:41,67.6713,53.087,18.68,93,96,10.04
485,Strezhevoy,RU,2022-04-28 20:20:42,60.7333,77.5889,47.61,98,100,8.12
486,Haicheng,CN,2022-04-28 20:20:42,40.8516,122.7475,40.96,78,0,3.24
487,Zaozerne,UA,2022-04-28 20:20:42,45.1582,33.2787,55.08,69,5,10.0
488,Prince Rupert,CA,2022-04-28 20:20:43,54.3161,-130.3201,50.09,71,75,13.8
489,Wakkanai,JP,2022-04-28 20:20:43,45.4094,141.6739,42.19,73,1,14.7
490,Dzerzhinsk,RU,2022-04-28 20:20:43,56.2389,43.4631,31.82,59,0,0.0
491,Wawa,NG,2022-04-28 20:16:59,9.9022,4.4192,82.26,62,95,4.72
492,Grand Gaube,MU,2022-04-28 20:20:44,-20.0064,57.6608,74.37,79,0,3.0
493,Wanlaweyn,SO,2022-04-28 20:17:27,2.6185,44.8938,81.91,73,45,11.1
494,Inhambane,MZ,2022-04-28 20:20:45,-23.865,35.3833,69.35,81,71,5.91
495,Labuhan,ID,2022-04-28 20:20:45,-6.8844,112.2051,79.27,86,100,2.77
496,Malanje,AO,2022-04-28 20:20:45,-9.5402,16.341,64.85,95,96,3.33
497,Kisangani,CD,2022-04-28 20:20:46,0.5167,25.2,72.81,93,99,3.44
498,Choix,MX,2022-04-28 20:20:46,26.7092,-108.3219,96.82,10,0,10.67
499,Beira,MZ,2022-04-28 20:20:46,-19.8436,34.8389,75.29,69,75,5.75
500,Morden,CA,2022-04-28 20:20:47,49.1919,-98.1014,40.62,75,100,12.66
501,Kathmandu,NP,2022-04-28 20:18:29,27.7167,85.3167,71.82,64,20,3.44
502,Nuevo Progreso,MX,2022-04-28 20:20:47,23.1667,-97.95,85.53,59,65,8.01
503,Sulangan,PH,2022-04-28 20:20:47,11.1373,123.7228,81.99,78,100,11.74
504,Dhidhdhoo,MV,2022-04-28 20:20:48,6.8833,73.1,84.6,71,15,1.99
505,New Glasgow,CA,2022-04-28 20:15:58,45.5834,-62.6486,47.79,66,97,10.2
506,Cascais,PT,2022-04-28 20:20:48,38.6979,-9.4215,62.47,74,20,28.99
507,Muroto,JP,2022-04-28 20:20:48,33.2833,134.15,66.15,90,100,15.57
508,Zaykovo,RU,2022-04-28 20:20:49,57.5613,62.7568,45.43,69,100,11.72
509,Bougouni,ML,2022-04-28 20:20:49,11.417,-7.479,87.58,44,100,8.21
510,Kaseda,JP,2022-04-28 20:17:15,31.4167,130.3167,70.48,96,100,11.01
511,Saint-Augustin,CA,2022-04-28 20:20:49,51.226,-58.6502,33.4,100,100,11.32
512,Luena,AO,2022-04-28 20:20:50,-11.7833,19.9167,67.95,67,100,4.45
513,Junin,AR,2022-04-28 20:15:51,-34.5838,-60.9433,60.91,25,1,10.54
514,Luanda,AO,2022-04-28 20:16:13,-8.8368,13.2343,78.8,83,75,9.22
515,Lapithos,CY,2022-04-28 20:20:50,35.3375,33.1792,62.89,67,0,6.85
516,Altay,CN,2022-04-28 20:20:51,47.8667,88.1167,42.51,37,0,8.57
517,Henties Bay,NA,2022-04-28 20:20:51,-22.116,14.2845,65.26,65,3,2.73
518,Charlottetown,CA,2022-04-28 20:20:52,46.2352,-63.1267,48.49,80,75,12.66
519,Cervo,ES,2022-04-28 20:20:52,43.6702,-7.4101,57.96,89,0,3.51
520,Ahome,MX,2022-04-28 20:20:52,25.9167,-109.1833,84.15,25,5,12.17
521,Maceio,BR,2022-04-28 20:20:52,-9.6658,-35.7353,78.24,88,75,2.3
522,Avera,US,2022-04-28 20:20:53,33.194,-82.5271,79.56,29,2,7.02
523,Shangrao,CN,2022-04-28 20:20:53,28.4532,117.9686,63.34,96,100,10.02
524,Borovskoy,KZ,2022-04-28 20:20:53,53.8,64.15,62.31,40,99,16.17
525,Betong,TH,2022-04-28 20:20:54,5.7743,101.0723,72.39,98,44,1.61
526,Hermiston,US,2022-04-28 20:20:54,45.8404,-119.2895,60.21,52,40,8.05
527,Yumen,CN,2022-04-28 20:20:54,40.2833,97.2,48.34,25,100,6.2
528,Zamora,EC,2022-04-28 20:20:55,-4.0692,-78.9567,69.06,100,100,1.72
529,Lavumisa,SZ,2022-04-28 20:20:55,-27.31,31.892,59.9,93,0,3.0
530,Boa Vista,BR,2022-04-28 20:20:56,2.8197,-60.6733,89.58,55,40,8.05
531,Bamiantong,CN,2022-04-28 20:20:56,44.9333,130.5333,36.28,57,0,2.86
532,Hirara,JP,2022-04-28 20:20:56,24.8,125.2833,79.45,88,0,18.05
533,Vao,NC,2022-04-28 20:20:56,-22.6667,167.4833,71.91,78,100,25.97
534,Norsup,VU,2022-04-28 20:20:57,-16.0667,167.3833,79.29,85,100,7.47
535,Rakiv Lis,UA,2022-04-28 20:20:57,51.6217,24.9243,42.51,86,38,6.06
536,Kirkwall,GB,2022-04-28 20:20:58,58.9848,-2.9587,48.25,93,75,10.36
537,Yatou,CN,2022-04-28 20:20:58,37.15,122.3833,45.91,89,93,9.91
538,Meulaboh,ID,2022-04-28 20:20:58,4.1363,96.1285,77.41,90,56,3.31
539,Lata,PT,2022-04-28 20:20:58,40.1629,-8.3327,60.82,80,27,2.59
540,Teguldet,RU,2022-04-28 20:20:59,57.3064,88.1667,50.2,80,100,9.22
541,Pangnirtung,CA,2022-04-28 20:20:59,66.1451,-65.7125,19.4,73,100,29.93
542,Khartoum,SD,2022-04-28 20:20:59,15.5518,32.5324,94.01,13,0,12.33
543,Kirovsk,UA,2022-04-28 20:21:00,48.6375,38.6428,55.65,61,97,5.12
544,Ondjiva,AO,2022-04-28 20:21:00,-17.0667,15.7333,75.7,40,95,9.33
545,Krasnoborsk,RU,2022-04-28 20:21:00,61.5598,45.934,23.85,85,18,5.48
546,Colac,AU,2022-04-28 20:21:01,-38.3333,143.5833,61.83,87,4,6.2
547,Prieska,ZA,2022-04-28 20:21:01,-29.6641,22.7474,70.65,43,8,10.56
548,Burnie,AU,2022-04-28 20:21:01,-41.0667,145.9167,62.92,93,64,2.39
549,Oum Hadjer,TD,2022-04-28 20:21:02,13.2954,19.6966,94.35,25,36,4.65
550,Lahad Datu,MY,2022-04-28 20:21:02,5.0268,118.327,76.89,90,79,3.2
551,Raudeberg,NO,2022-04-28 20:21:02,61.9875,5.1352,39.96,84,99,2.42
552,Luchegorsk,RU,2022-04-28 20:21:03,46.4764,134.2569,34.68,65,0,2.08
553,Narrabri,AU,2022-04-28 20:21:03,-30.3167,149.7833,57.29,94,28,5.75
554,Nuevo Casas Grandes,MX,2022-04-28 20:21:04,30.4167,-107.9167,82.74,6,0,14.0
