City_ID,City,Country,Date,Lat,Lng,Max Temp,Humidity,Cloudiness,Wind Speed,Current Condition
0,Payo,ID,2022-05-22 21:11:34,-3.7508,103.6372,72.25,98,66,2.1,broken clouds
1,Waingapu,ID,2022-05-22 21:11:34,-9.6567,120.2641,77.36,82,34,7.99,scattered clouds
2,Lebu,CL,2022-05-22 21:18:51,-37.6167,-73.65,51.78,82,100,10.33,overcast clouds
3,Mataura,NZ,2022-05-22 21:18:51,-46.1927,168.8643,44.2,87,96,7.47,overcast clouds
4,Hilo,US,2022-05-22 21:11:35,19.7297,-155.09,89.28,66,75,8.05,broken clouds
5,Saint George,US,2022-05-22 21:07:00,37.1041,-113.5841,89.64,11,0,11.5,clear sky
6,Ostersund,SE,2022-05-22 21:08:56,63.1792,14.6357,52.25,46,40,5.01,scattered clouds
7,Souillac,MU,2022-05-22 21:09:13,-20.5167,57.5167,73.78,78,20,8.05,few clouds
8,Aklavik,CA,2022-05-22 21:18:52,68.2191,-135.0107,35.15,63,98,8.77,overcast clouds
9,Iqaluit,CA,2022-05-22 21:18:52,63.7506,-68.5145,26.33,86,100,24.16,light snow
10,Broome,US,2022-05-22 21:18:52,42.2506,-75.833,75.7,86,75,13.8,broken clouds
11,Cape Town,ZA,2022-05-22 21:16:49,-33.9258,18.4232,62.38,86,0,4.61,clear sky
12,Kavieng,PG,2022-05-22 21:09:11,-2.5744,150.7967,82.85,69,12,16.62,few clouds
13,Carnarvon,AU,2022-05-22 21:18:53,-24.8667,113.6333,70.66,56,36,17.76,scattered clouds
14,Bluff,NZ,2022-05-22 21:18:53,-46.6,168.3333,51.01,74,100,27.04,overcast clouds
15,Port Macquarie,AU,2022-05-22 21:11:36,-31.4333,152.9167,55.89,85,100,5.53,light rain
16,Puttur,IN,2022-05-22 21:11:37,12.7667,75.2167,75.31,98,100,1.83,overcast clouds
17,Mikuni,JP,2022-05-22 21:18:54,36.2171,136.1519,62.51,91,1,4.56,clear sky
18,Rikitea,PF,2022-05-22 21:18:54,-23.1203,-134.9692,75.51,78,10,14.09,light rain
19,Passo Fundo,BR,2022-05-22 21:11:37,-28.2628,-52.4067,54.01,78,100,2.04,overcast clouds
20,Sundsvall,SE,2022-05-22 21:11:37,62.3913,17.3063,42.76,81,0,2.3,clear sky
21,Geraldton,AU,2022-05-22 21:05:48,-28.7667,114.6,66.61,63,40,16.11,light rain
22,Hermanus,ZA,2022-05-22 21:18:55,-34.4187,19.2345,59.86,83,87,7.4,overcast clouds
23,Tripoli,LY,2022-05-22 21:11:38,32.8752,13.1875,69.6,45,0,10.33,clear sky
24,Avarua,CK,2022-05-22 21:18:55,-21.2078,-159.775,82.45,83,75,13.8,broken clouds
25,Hobart,AU,2022-05-22 21:15:54,-42.8794,147.3294,50.25,88,75,10.36,broken clouds
26,Castro,BR,2022-05-22 21:18:56,-24.7911,-50.0119,51.76,74,2,3.87,clear sky
27,Busselton,AU,2022-05-22 21:18:56,-33.65,115.3333,60.64,69,75,23.53,broken clouds
28,Kaeo,NZ,2022-05-22 21:11:39,-35.1,173.7833,58.08,79,100,4.18,overcast clouds
29,Hithadhoo,MV,2022-05-22 21:18:56,-0.6,73.0833,83.79,71,96,13.29,overcast clouds
30,Ucluelet,CA,2022-05-22 21:11:21,48.9329,-125.5528,52.09,83,100,1.99,overcast clouds
31,Balakhta,RU,2022-05-22 21:11:39,55.38,91.6,58.32,59,100,6.6,overcast clouds
32,Uhlove,UA,2022-05-22 21:11:40,44.8215,33.6045,56.01,82,32,4.34,scattered clouds
33,Punta Arenas,CL,2022-05-22 21:11:40,-53.15,-70.9167,37.51,70,75,4.61,broken clouds
34,Khorramshahr,IR,2022-05-22 21:11:40,30.4397,48.1664,87.75,9,0,9.98,clear sky
35,Hamilton,US,2022-05-22 21:08:06,39.1834,-84.5333,70.2,63,100,10.36,overcast clouds
36,Pakenham,AU,2022-05-22 21:11:41,-38.0667,145.4833,49.23,94,0,1.01,clear sky
37,Kailua,US,2022-05-22 21:11:41,21.4022,-157.7394,84.18,67,75,11.5,broken clouds
38,Atuona,PF,2022-05-22 21:18:57,-9.8,-139.0333,77.59,80,28,17.87,light rain
39,Brainerd,US,2022-05-22 21:09:24,46.358,-94.2008,56.98,33,100,8.05,overcast clouds
40,Port Elizabeth,ZA,2022-05-22 21:18:58,-33.918,25.5701,54.1,93,0,3.44,clear sky
41,Sinop,TR,2022-05-22 21:11:42,41.7711,34.8709,52.95,65,37,4.47,scattered clouds
42,Ribeira Grande,PT,2022-05-22 21:18:58,38.5167,-28.7,64.8,100,100,1.14,overcast clouds
43,Ilulissat,GL,2022-05-22 21:18:58,69.2167,-51.1,35.62,87,100,4.61,light rain
44,Yellowknife,CA,2022-05-22 21:15:19,62.456,-114.3525,37.92,65,100,8.05,light snow
45,Chuy,UY,2022-05-22 21:18:59,-33.6971,-53.4616,55.63,74,68,5.93,broken clouds
46,Meulaboh,ID,2022-05-22 21:11:42,4.1363,96.1285,77.18,89,100,4.45,overcast clouds
47,Arlit,NE,2022-05-22 21:11:43,18.7369,7.3853,92.1,14,85,3.2,overcast clouds
48,Port Alfred,ZA,2022-05-22 21:18:59,-33.5906,26.891,60.03,81,31,5.82,scattered clouds
49,Lorengau,PG,2022-05-22 21:11:43,-2.0226,147.2712,83.73,67,97,11.99,overcast clouds
50,Cherskiy,RU,2022-05-22 21:19:00,68.75,161.3,53.01,48,88,17.43,overcast clouds
51,Bure,ET,2022-05-22 21:09:23,10.7,37.0667,64.49,59,50,4.92,scattered clouds
52,Ushuaia,AR,2022-05-22 21:19:00,-54.8,-68.3,35.26,75,20,8.05,few clouds
53,Hofn,IS,2022-05-22 21:11:44,64.2539,-15.2082,46.69,69,30,16.33,scattered clouds
54,Kalmunai,LK,2022-05-22 21:09:41,7.4167,81.8167,80.82,73,30,3.58,scattered clouds
55,Pisco,PE,2022-05-22 21:14:35,-13.7,-76.2167,68.02,82,81,9.22,mist
56,Bredasdorp,ZA,2022-05-22 21:19:01,-34.5322,20.0403,55.71,91,71,5.14,broken clouds
57,Talnakh,RU,2022-05-22 21:19:02,69.4865,88.3972,33.21,100,100,4.14,overcast clouds
58,Tiksi,RU,2022-05-22 21:19:02,71.6872,128.8694,28.15,91,87,4.63,overcast clouds
59,Vaini,TO,2022-05-22 21:19:02,-21.2,-175.2,80.76,83,40,8.05,scattered clouds
60,Port Hardy,CA,2022-05-22 21:19:03,50.6996,-127.4199,55.58,71,100,5.75,overcast clouds
61,Nome,US,2022-05-22 21:05:19,64.5011,-165.4064,66.27,21,0,14.97,clear sky
62,Qaanaaq,GL,2022-05-22 21:19:03,77.484,-69.3632,25.66,75,100,5.46,overcast clouds
63,Mount Gambier,AU,2022-05-22 21:19:03,-37.8333,140.7667,33.71,100,40,0.0,mist
64,San Patricio,US,2022-05-22 21:09:14,28.017,-97.5169,86.85,57,100,11.68,overcast clouds
65,Puerto Ayora,EC,2022-05-22 21:19:04,-0.7393,-90.3518,76.96,78,58,10.69,broken clouds
66,Amuntai,ID,2022-05-22 21:11:45,-2.4177,115.2494,74.23,98,92,1.36,moderate rain
67,El Reno,US,2022-05-22 21:11:45,35.5323,-97.955,71.33,29,0,12.66,clear sky
68,Pitimbu,BR,2022-05-22 21:11:46,-7.4706,-34.8086,79.39,76,10,17.63,clear sky
69,Byron Bay,AU,2022-05-22 21:11:46,-28.65,153.6167,58.71,85,69,11.61,light rain
70,Jamestown,US,2022-05-22 21:19:04,42.097,-79.2353,56.52,94,100,10.36,mist
71,Severo-Kurilsk,RU,2022-05-22 21:19:05,50.6789,156.125,40.78,97,100,16.53,light rain
72,Touros,BR,2022-05-22 21:09:12,-5.1989,-35.4608,76.17,90,18,12.73,few clouds
73,Torbay,CA,2022-05-22 21:05:32,47.6666,-52.7314,59.76,48,66,10.96,broken clouds
74,Labuhan,ID,2022-05-22 21:11:46,-6.8844,112.2051,78.93,85,95,10.51,overcast clouds
75,Upington,ZA,2022-05-22 21:11:47,-28.4478,21.2561,59.41,52,69,4.79,broken clouds
76,Albany,US,2022-05-22 21:19:06,42.6001,-73.9662,86.41,89,95,15.46,overcast clouds
77,Arman,RU,2022-05-22 21:11:47,59.7,150.1667,43.02,98,100,11.39,moderate rain
78,Jinxiang,CN,2022-05-22 21:11:48,27.4327,120.6062,64.72,98,100,6.73,overcast clouds
79,Kieta,PG,2022-05-22 21:11:48,-6.2167,155.6333,80.06,78,54,1.99,broken clouds
80,Dikson,RU,2022-05-22 21:19:06,73.5069,80.5464,20.95,90,59,7.56,broken clouds
81,Ulaangom,MN,2022-05-22 21:11:48,49.9811,92.0667,65.01,26,100,4.52,overcast clouds
82,San Cristobal,VE,2022-05-22 21:17:21,7.7669,-72.225,81.82,45,1,5.95,clear sky
83,Constitucion,CL,2022-05-22 21:19:07,-35.3333,-72.4167,52.57,92,100,12.46,light rain
84,Mananara,MG,2022-05-22 21:11:49,-16.1667,49.7667,71.01,92,67,3.91,light rain
85,Kapaa,US,2022-05-22 21:16:12,22.0752,-159.319,80.58,77,20,13.8,few clouds
86,Airai,TL,2022-05-22 21:19:07,-8.9266,125.4092,58.91,90,51,3.85,broken clouds
87,Kautokeino,NO,2022-05-22 21:19:08,69.0125,23.0412,35.11,95,100,1.23,overcast clouds
88,Antequera,ES,2022-05-22 21:11:49,37.0194,-4.5612,72.95,62,0,3.85,clear sky
89,Mahebourg,MU,2022-05-22 21:19:08,-20.4081,57.7,73.69,78,20,8.05,few clouds
90,Tuktoyaktuk,CA,2022-05-22 21:19:08,69.4541,-133.0374,24.8,74,100,8.05,overcast clouds
91,Kharhial,IN,2022-05-22 21:11:50,20.2833,82.7667,90.5,26,100,3.91,overcast clouds
92,Arrah,IN,2022-05-22 21:11:50,25.5667,84.6667,76.89,58,4,7.81,clear sky
93,Saint-Philippe,RE,2022-05-22 21:19:09,-21.3585,55.7679,67.59,74,39,11.12,scattered clouds
94,Rio Cuarto,AR,2022-05-22 21:11:51,-33.1307,-64.3499,69.57,40,0,16.11,clear sky
95,Nagato,JP,2022-05-22 21:19:10,34.3833,131.2,66.2,90,25,2.17,scattered clouds
96,Kaitangata,NZ,2022-05-22 21:19:10,-46.2817,169.8464,47.59,80,94,14.58,overcast clouds
97,Blackwater,AU,2022-05-22 21:11:51,-23.5833,148.8833,60.01,91,100,6.93,overcast clouds
98,Ndele,CF,2022-05-22 21:11:52,8.4109,20.6473,80.35,53,100,2.55,overcast clouds
99,Cerreto Guidi,IT,2022-05-22 21:11:52,43.7607,10.8761,67.1,69,85,2.35,overcast clouds
100,Cayenne,GF,2022-05-22 21:16:53,4.9333,-52.3333,82.09,1,0,4.0,clear sky
101,Diamantino,BR,2022-05-22 21:11:52,-14.4086,-56.4461,77.79,46,61,3.89,broken clouds
102,Hami,CN,2022-05-22 21:19:11,42.8,93.45,78.46,19,98,10.33,overcast clouds
103,Shache,CN,2022-05-22 21:11:53,38.4167,77.2406,69.57,33,100,14.79,overcast clouds
104,Ganzhou,CN,2022-05-22 21:11:53,28.8184,115.4327,65.35,95,100,1.25,light rain
105,Praya,CV,2022-05-22 21:10:35,14.9215,-23.5087,72.14,68,40,16.11,scattered clouds
106,Ust-Maya,RU,2022-05-22 21:11:53,60.4167,134.5333,39.61,76,13,4.99,few clouds
107,Fortuna,US,2022-05-22 21:19:12,40.5982,-124.1573,61.93,79,20,17.27,few clouds
108,Birao,CF,2022-05-22 21:19:12,10.2849,22.7882,89.69,24,100,5.86,overcast clouds
109,Sooke,CA,2022-05-22 21:11:21,48.3746,-123.7276,68.02,57,100,6.53,overcast clouds
110,Malanje,AO,2022-05-22 21:11:54,-9.5402,16.341,64.99,67,94,4.54,overcast clouds
111,Jalu,LY,2022-05-22 21:11:54,29.0331,21.5482,73.78,26,0,9.28,clear sky
112,San Quintin,MX,2022-05-22 21:10:07,30.4833,-115.95,65.79,56,0,11.14,clear sky
113,Banapur,IN,2022-05-22 21:11:55,19.7833,85.1833,83.88,82,96,4.56,overcast clouds
114,Brae,GB,2022-05-22 21:11:55,60.3964,-1.353,50.65,98,100,8.81,light rain
115,Sitka,US,2022-05-22 21:19:13,57.0531,-135.33,49.89,76,100,13.8,overcast clouds
116,Lompoc,US,2022-05-22 21:19:14,34.6391,-120.4579,80.69,67,0,20.0,clear sky
117,Comodoro Rivadavia,AR,2022-05-22 21:19:14,-45.8667,-67.5,46.26,49,0,4.61,clear sky
118,Ottawa,CA,2022-05-22 21:11:39,45.4112,-75.6981,57.04,92,100,11.5,overcast clouds
119,Daru,PG,2022-05-22 21:19:14,-9.0763,143.2092,80.37,81,51,12.59,broken clouds
120,Nikolskoye,RU,2022-05-22 21:05:18,59.7035,30.7861,43.88,59,10,2.62,clear sky
121,Saldanha,ZA,2022-05-22 21:19:15,-33.0117,17.9442,53.65,88,93,4.21,overcast clouds
122,Andijon,UZ,2022-05-22 21:11:56,40.7821,72.3442,54.68,65,100,8.97,overcast clouds
123,Arraial Do Cabo,BR,2022-05-22 21:19:15,-22.9661,-42.0278,71.46,68,0,16.11,clear sky
124,Yeniseysk,RU,2022-05-22 21:11:57,58.4497,92.1703,46.35,80,4,3.98,clear sky
125,Vardo,NO,2022-05-22 21:19:16,70.3705,31.1107,37.38,93,100,16.11,light intensity drizzle
126,Zeulenroda,DE,2022-05-22 21:11:57,50.65,11.9833,55.47,66,87,3.11,overcast clouds
127,Tailai,CN,2022-05-22 21:11:58,46.3833,123.4,62.56,46,81,7.29,broken clouds
128,Saint-Pierre,RE,2022-05-22 21:09:33,-21.3393,55.4781,71.28,68,0,6.91,clear sky
129,Chapleau,CA,2022-05-22 21:11:58,47.8405,-83.4034,48.36,47,98,9.69,overcast clouds
130,Butaritari,KI,2022-05-22 21:19:16,3.0707,172.7902,81.91,78,60,12.21,broken clouds
131,Alibag,IN,2022-05-22 21:11:58,18.6411,72.8792,86.07,71,100,11.86,overcast clouds
132,Vallenar,CL,2022-05-22 21:11:59,-28.5708,-70.7581,75.97,27,3,4.29,clear sky
133,Lufilufi,WS,2022-05-22 21:19:17,-13.8745,-171.5986,85.78,74,66,18.99,light rain
134,Alta Floresta,BR,2022-05-22 21:11:59,-9.8756,-56.0861,75.76,68,5,2.06,clear sky
135,Flin Flon,CA,2022-05-22 21:12:00,54.7682,-101.865,63.23,20,100,11.86,overcast clouds
136,Trelew,AR,2022-05-22 21:12:00,-43.249,-65.3051,50.99,36,100,14.88,overcast clouds
137,Portland,US,2022-05-22 21:11:00,45.5234,-122.6762,75.06,36,75,5.75,broken clouds
138,Bethel,US,2022-05-22 21:19:17,41.3712,-73.414,92.17,53,0,9.22,clear sky
139,Norman Wells,CA,2022-05-22 21:12:00,65.282,-126.8329,48.02,49,100,2.57,overcast clouds
140,Riberalta,BO,2022-05-22 21:19:18,-10.9833,-66.1,88.0,55,40,0.0,scattered clouds
141,Tasiilaq,GL,2022-05-22 21:19:18,65.6145,-37.6368,35.76,99,100,8.19,light rain
142,Dotnuva,LT,2022-05-22 21:12:01,55.35,23.9,52.02,73,100,6.33,overcast clouds
143,Am Timan,TD,2022-05-22 21:12:01,11.0297,20.2827,91.81,28,72,4.32,broken clouds
144,Xining,CN,2022-05-22 21:19:19,36.6167,101.7667,51.51,74,66,1.52,broken clouds
145,Zemio,CF,2022-05-22 21:12:02,5.0314,25.1361,71.83,79,99,1.63,overcast clouds
146,Eureka,US,2022-05-22 21:12:02,40.8021,-124.1637,73.67,73,64,10.0,broken clouds
147,Sangar,RU,2022-05-22 21:10:21,63.9242,127.4739,41.4,88,37,1.1,scattered clouds
148,Oksovskiy,RU,2022-05-22 21:12:02,62.6062,39.8984,32.61,73,100,8.86,overcast clouds
149,Kawhia,NZ,2022-05-22 21:12:03,-38.0651,174.8183,56.41,77,30,11.48,scattered clouds
150,Shimanovsk,RU,2022-05-22 21:09:36,52.0,127.7,51.26,92,70,8.14,broken clouds
151,Koutiala,ML,2022-05-22 21:12:03,12.3917,-5.4642,85.84,47,92,10.65,light rain
152,Ziyang,CN,2022-05-22 21:12:04,29.2497,117.8547,65.61,99,100,1.28,moderate rain
153,Alofi,NU,2022-05-22 21:19:20,-19.0595,-169.9187,82.29,78,8,6.91,clear sky
154,Ayutla,MX,2022-05-22 21:12:04,20.1167,-104.3333,93.31,14,0,9.82,clear sky
155,Karatuzskoye,RU,2022-05-22 21:12:05,53.6072,92.8667,63.12,53,100,1.54,overcast clouds
156,Menongue,AO,2022-05-22 21:12:05,-14.6585,17.691,53.47,54,0,3.53,clear sky
157,East London,ZA,2022-05-22 21:15:51,-33.0153,27.9116,59.99,86,3,6.78,clear sky
158,Necochea,AR,2022-05-22 21:19:21,-38.5473,-58.7368,54.88,56,100,10.31,overcast clouds
159,Thayetmyo,MM,2022-05-22 21:12:06,19.3167,95.1833,82.13,75,32,5.86,scattered clouds
160,Kiunga,PG,2022-05-22 21:12:06,-6.1219,141.2906,72.86,100,81,1.05,broken clouds
161,Margate,GB,2022-05-22 21:12:06,51.3813,1.3862,61.3,79,100,1.99,overcast clouds
162,Yomou,GN,2022-05-22 21:12:07,7.5603,-9.2653,70.65,98,99,2.75,moderate rain
163,Road Town,VG,2022-05-22 21:14:24,18.4167,-64.6167,84.29,70,20,6.91,few clouds
164,Khatanga,RU,2022-05-22 21:19:22,71.9667,102.5,31.86,92,100,5.93,overcast clouds
165,Asadabad,IR,2022-05-22 21:12:08,34.7824,48.1185,62.2,30,0,2.91,clear sky
166,Stromness,GB,2022-05-22 21:12:08,58.965,-3.296,51.76,91,100,5.01,heavy intensity rain
167,Palana,RU,2022-05-22 21:12:08,59.1167,159.9667,41.11,73,28,5.12,scattered clouds
168,Chunskiy,RU,2022-05-22 21:12:09,56.0815,99.6342,41.45,92,38,3.04,scattered clouds
169,Buraydah,SA,2022-05-22 21:19:23,26.326,43.975,91.85,9,0,16.75,clear sky
170,Katsuura,JP,2022-05-22 21:12:09,35.1333,140.3,66.31,88,51,11.12,broken clouds
171,Makat,KZ,2022-05-22 21:12:10,47.6469,53.3463,62.15,73,100,19.69,overcast clouds
172,Barrow,US,2022-05-22 21:17:31,71.2906,-156.7887,23.02,86,100,9.22,light snow
173,Zalesovo,RU,2022-05-22 21:12:10,53.9939,84.7431,53.31,80,27,16.28,scattered clouds
174,Rocha,UY,2022-05-22 21:19:23,-34.4833,-54.3333,53.92,78,31,5.01,scattered clouds
175,Kazachinskoye,RU,2022-05-22 21:10:23,57.6953,93.2761,45.95,81,17,3.87,few clouds
176,Grindavik,IS,2022-05-22 21:19:24,63.8424,-22.4338,51.75,81,0,16.11,clear sky
177,Suicheng,CN,2022-05-22 21:12:11,33.8963,117.9331,64.06,72,26,6.58,scattered clouds
178,Leningradskiy,RU,2022-05-22 21:19:24,69.3833,178.4167,35.33,96,100,4.32,overcast clouds
179,Ames,US,2022-05-22 21:08:36,42.0347,-93.6199,66.11,48,40,18.01,scattered clouds
180,Uberlandia,BR,2022-05-22 21:12:12,-18.9186,-48.2772,63.45,48,0,5.91,clear sky
181,Kouroussa,GN,2022-05-22 21:12:12,10.65,-9.8833,81.64,59,56,5.84,broken clouds
182,Muros,ES,2022-05-22 21:19:25,42.7762,-9.0603,62.69,89,54,7.02,broken clouds
183,Goderich,CA,2022-05-22 21:12:13,43.7501,-81.7165,46.9,90,100,10.67,overcast clouds
184,Deputatskiy,RU,2022-05-22 21:10:30,69.3,139.9,29.8,90,82,2.15,broken clouds
185,Port Lincoln,AU,2022-05-22 21:19:25,-34.7333,135.8667,60.48,78,100,9.44,overcast clouds
186,Cedar City,US,2022-05-22 21:12:13,37.6775,-113.0619,72.57,11,0,20.71,clear sky
187,Jijiga,ET,2022-05-22 21:12:14,9.35,42.8,67.21,41,91,1.48,overcast clouds
188,Zhezkazgan,KZ,2022-05-22 21:12:14,47.8043,67.7144,49.48,31,0,8.88,clear sky
189,Huarmey,PE,2022-05-22 21:12:15,-10.0681,-78.1522,69.53,74,10,8.77,clear sky
190,Santa Helena De Goias,BR,2022-05-22 21:12:15,-17.8136,-50.5969,67.73,38,0,1.79,clear sky
191,Paracuru,BR,2022-05-22 21:12:15,-3.41,-39.0306,79.11,88,17,8.03,few clouds
192,Esperance,AU,2022-05-22 21:09:38,-33.8667,121.9,61.43,83,9,11.48,clear sky
193,Dunedin,NZ,2022-05-22 21:09:31,-45.8742,170.5036,49.8,56,61,7.0,broken clouds
194,Uspenka,UA,2022-05-22 21:12:16,48.3903,39.1619,50.16,90,23,10.18,few clouds
195,Saint-Augustin,CA,2022-05-22 21:12:17,51.226,-58.6502,54.45,79,68,11.41,broken clouds
196,Tomatlan,MX,2022-05-22 21:12:17,19.9333,-105.25,90.52,40,0,12.88,clear sky
197,Rio Grande,BR,2022-05-22 21:12:17,-32.035,-52.0986,58.95,76,0,6.31,clear sky
198,Longyearbyen,SJ,2022-05-22 21:19:26,78.2186,15.6401,35.44,87,75,0.0,broken clouds
199,Peniche,PT,2022-05-22 21:12:18,39.3558,-9.3811,62.29,95,95,13.13,overcast clouds
200,Moree,AU,2022-05-22 21:19:27,-29.4667,149.85,56.43,77,100,6.64,overcast clouds
201,Kulevcha,UA,2022-05-22 21:12:13,46.0303,29.9361,55.63,66,100,7.11,overcast clouds
202,Ahuimanu,US,2022-05-22 21:12:18,21.4447,-157.8378,83.91,65,75,17.27,broken clouds
203,Svetlogorsk,BY,2022-05-22 21:12:18,52.6333,29.7333,46.24,90,100,6.44,overcast clouds
204,Bambous Virieux,MU,2022-05-22 21:19:27,-20.3428,57.7575,73.65,78,20,8.05,few clouds
205,Kano,NG,2022-05-22 21:12:19,12.0001,8.5167,89.91,18,41,5.28,scattered clouds
206,Galle,LK,2022-05-22 21:19:28,6.0367,80.217,79.88,86,34,12.01,scattered clouds
207,Husavik,IS,2022-05-22 21:19:28,66.0449,-17.3389,37.76,96,100,8.93,overcast clouds
208,Santa Marta,CO,2022-05-22 21:12:19,11.2408,-74.199,85.32,72,17,17.11,few clouds
209,Illapel,CL,2022-05-22 21:12:20,-31.6308,-71.1653,65.71,51,99,4.5,overcast clouds
210,Ray,IN,2022-05-22 21:12:20,23.6833,85.05,77.49,54,20,5.75,few clouds
211,Viedma,AR,2022-05-22 21:12:20,-40.8135,-62.9967,56.35,46,100,15.5,light rain
212,Yumen,CN,2022-05-22 21:12:20,40.2833,97.2,61.88,34,22,15.19,few clouds
213,Pinas,EC,2022-05-22 21:12:21,-3.6667,-79.65,72.64,87,77,5.48,light rain
214,Chicama,PE,2022-05-22 21:12:21,-7.8447,-79.1469,64.94,67,19,9.42,few clouds
215,Thompson,CA,2022-05-22 21:19:29,55.7435,-97.8558,62.76,20,100,14.97,overcast clouds
216,Bermejo,AR,2022-05-22 21:12:22,-32.8833,-68.8,67.1,24,36,5.91,scattered clouds
217,Flinders,AU,2022-05-22 21:09:39,-34.5833,150.8552,54.18,92,99,1.99,light rain
218,Mar Del Plata,AR,2022-05-22 21:16:33,-38.0023,-57.5575,58.95,62,0,3.44,clear sky
219,Haimen,CN,2022-05-22 21:12:23,23.1935,116.6142,71.35,90,100,12.12,light rain
220,Pevek,RU,2022-05-22 21:19:30,69.7008,170.3133,34.7,91,63,10.54,broken clouds
221,Saskylakh,RU,2022-05-22 21:19:30,71.9167,114.0833,32.86,98,100,9.55,overcast clouds
222,Saurimo,AO,2022-05-22 21:12:23,-9.6608,20.3916,65.53,47,91,5.17,overcast clouds
223,Victoria,HK,2022-05-22 21:17:54,22.2855,114.1577,75.96,92,94,11.99,overcast clouds
224,Djibo,BF,2022-05-22 21:12:24,14.1022,-1.6306,89.51,35,100,10.0,light rain
225,Sorland,NO,2022-05-22 21:19:31,67.667,12.6934,46.26,92,98,6.89,overcast clouds
226,Nizhniy Kuranakh,RU,2022-05-22 21:12:24,58.8353,125.4869,41.59,78,67,1.19,broken clouds
227,Upernavik,GL,2022-05-22 21:19:31,72.7868,-56.1549,31.82,98,100,17.76,snow
228,Praia Da Vitoria,PT,2022-05-22 21:10:32,38.7333,-27.0667,64.76,97,100,4.81,overcast clouds
229,Lyubinskiy,RU,2022-05-22 21:12:25,55.1542,72.6925,44.28,77,12,13.02,few clouds
230,Dongsheng,CN,2022-05-22 21:19:31,39.8161,109.9776,55.51,70,14,2.77,few clouds
231,Pimenta Bueno,BR,2022-05-22 21:08:49,-11.6725,-61.1936,79.23,74,10,1.99,clear sky
232,New Norfolk,AU,2022-05-22 21:19:32,-42.7826,147.0587,49.91,87,66,2.04,broken clouds
233,Ushtobe,KZ,2022-05-22 21:12:25,45.2514,77.9838,61.9,32,100,5.7,light rain
234,Corn Island,NI,2022-05-22 21:12:26,12.1694,-83.0418,82.02,78,99,13.33,overcast clouds
235,Rabo De Peixe,PT,2022-05-22 21:12:26,37.8,-25.5833,69.28,90,75,5.75,mist
236,Cidreira,BR,2022-05-22 21:19:32,-30.1811,-50.2056,59.9,72,98,5.12,overcast clouds
237,Neryungri,RU,2022-05-22 21:12:26,56.6709,124.6491,33.78,95,97,1.68,overcast clouds
238,Araouane,ML,2022-05-22 21:12:27,18.9048,-3.5265,92.97,7,0,10.42,clear sky
239,Buala,SB,2022-05-22 21:19:33,-8.145,159.5921,82.02,76,10,4.68,clear sky
240,Kahului,US,2022-05-22 21:11:47,20.8947,-156.47,87.82,56,0,20.71,clear sky
241,Hambantota,LK,2022-05-22 21:05:20,6.1241,81.1185,79.32,84,86,17.07,overcast clouds
242,Kodiak,US,2022-05-22 21:19:33,57.79,-152.4072,47.71,81,100,17.27,overcast clouds
243,Cabra,ES,2022-05-22 21:12:27,37.4725,-4.4421,70.66,61,0,5.01,clear sky
244,Cap Malheureux,MU,2022-05-22 21:10:33,-19.9842,57.6142,71.47,79,5,5.01,light rain
245,Provideniya,RU,2022-05-22 21:19:34,64.3833,-173.3,51.91,58,0,18.01,clear sky
246,Taoudenni,ML,2022-05-22 21:19:34,22.6783,-3.9836,93.97,9,0,10.27,clear sky
247,Tuatapere,NZ,2022-05-22 21:19:35,-46.1333,167.6833,44.29,83,59,7.83,broken clouds
248,Vagur,FO,2022-05-22 21:10:33,61.4732,-6.8119,47.66,87,23,4.63,few clouds
249,Hovd,MN,2022-05-22 21:19:35,48.0056,91.6419,62.24,21,99,1.66,overcast clouds
250,Troitskoye,RU,2022-05-22 21:12:28,52.9821,84.6757,54.82,61,24,13.85,few clouds
251,Berbera,SO,2022-05-22 21:12:29,10.4396,45.0143,87.55,56,100,2.91,overcast clouds
252,Hirado,JP,2022-05-22 21:12:29,33.3597,129.5531,64.38,80,100,3.78,overcast clouds
253,Sokoto,NG,2022-05-22 21:12:29,13.0609,5.239,82.8,48,96,16.42,overcast clouds
254,Sovetskiy,RU,2022-05-22 21:12:30,61.3614,63.5842,36.54,97,100,9.53,overcast clouds
255,Shimoda,JP,2022-05-22 21:19:36,34.6667,138.95,66.02,81,15,8.3,few clouds
256,Cockburn Town,TC,2022-05-22 21:10:04,21.4612,-71.1419,82.36,69,40,17.27,scattered clouds
257,Egvekinot,RU,2022-05-22 21:12:30,66.3167,-179.1667,45.77,51,99,0.43,overcast clouds
258,Camocim,BR,2022-05-22 21:12:30,-2.9022,-40.8411,77.13,88,64,5.41,broken clouds
259,Tura,IN,2022-05-22 21:12:31,25.5198,90.2201,72.09,93,82,2.17,broken clouds
260,Bonavista,CA,2022-05-22 21:19:37,48.6499,-53.1147,53.02,70,100,13.87,overcast clouds
261,Klaksvik,FO,2022-05-22 21:19:37,62.2266,-6.589,50.92,90,36,5.23,scattered clouds
262,Oyo,NG,2022-05-22 21:12:31,7.85,3.9333,73.18,95,100,4.81,overcast clouds
263,Cuamba,MZ,2022-05-22 21:12:32,-14.8031,36.5372,66.18,66,24,2.75,few clouds
264,Rio Claro,BR,2022-05-22 21:12:32,-22.4114,-47.5614,60.51,55,0,2.1,clear sky
265,Coahuayana,MX,2022-05-22 21:12:32,18.7333,-103.6833,88.36,51,0,8.63,clear sky
266,Minas,UY,2022-05-22 21:11:26,-34.3759,-55.2377,54.45,75,80,5.32,broken clouds
267,Ponta Do Sol,PT,2022-05-22 21:19:38,32.6667,-17.1,68.72,81,17,3.6,few clouds
268,Roma,US,2022-05-22 21:12:33,43.2128,-75.4557,69.96,90,100,14.97,overcast clouds
269,Bubaque,GW,2022-05-22 21:12:33,11.2833,-15.8333,78.33,75,59,15.84,broken clouds
270,Santa Isabel Do Rio Negro,BR,2022-05-22 21:19:38,-0.4139,-65.0192,80.76,80,100,1.39,overcast clouds
271,Maltahohe,NA,2022-05-22 21:12:34,-24.8333,16.9833,52.86,51,18,8.03,few clouds
272,Topeka,US,2022-05-22 21:11:49,39.0483,-95.678,69.89,38,0,12.66,clear sky
273,Jiaocheng,CN,2022-05-22 21:12:34,24.6774,116.1389,69.76,99,100,1.1,overcast clouds
274,Rawson,AR,2022-05-22 21:19:39,-43.3002,-65.1023,51.13,46,100,13.33,overcast clouds
275,Lannion,FR,2022-05-22 21:12:35,48.75,-3.4167,59.54,96,100,4.61,overcast clouds
276,Kirtipur,NP,2022-05-22 21:12:35,27.6667,85.2833,66.13,88,75,2.3,broken clouds
277,Springfield,US,2022-05-22 21:10:29,37.2153,-93.2982,61.34,59,100,11.5,overcast clouds
278,Lander,US,2022-05-22 21:12:36,42.833,-108.7307,55.11,40,0,8.05,clear sky
279,Port Blair,IN,2022-05-22 21:19:40,11.6667,92.75,84.24,79,75,11.5,mist
280,Pastos Bons,BR,2022-05-22 21:12:36,-6.6017,-44.0767,80.82,57,100,4.38,overcast clouds
281,Bengkulu,ID,2022-05-22 21:19:40,-3.8004,102.2655,75.69,90,40,3.22,scattered clouds
282,Terpinnya,UA,2022-05-22 21:12:37,46.9697,35.4197,51.08,84,7,8.63,clear sky
283,Lasa,IT,2022-05-22 21:09:59,46.6166,10.7002,59.36,91,100,3.83,overcast clouds
284,Chumphon,TH,2022-05-22 21:12:37,10.3333,98.8333,73.96,91,100,8.46,overcast clouds
285,Westport,US,2022-05-22 21:12:37,41.1415,-73.3579,93.43,58,0,14.97,clear sky
286,Verkhnyaya Inta,RU,2022-05-22 21:12:38,65.9811,60.3094,34.03,91,100,19.24,overcast clouds
287,Brewster,US,2022-05-22 21:12:38,41.3973,-73.6171,92.41,53,0,9.22,clear sky
288,Luderitz,NA,2022-05-22 21:19:41,-26.6481,15.1594,59.23,63,19,7.65,few clouds
289,Ulladulla,AU,2022-05-22 21:12:38,-35.35,150.4667,54.37,85,100,8.14,light rain
290,Haines Junction,CA,2022-05-22 21:10:35,60.7522,-137.5108,51.75,43,100,6.08,overcast clouds
291,Melilla,ES,2022-05-22 21:12:39,35.2937,-2.9383,75.58,43,0,10.36,clear sky
292,Wainwright,CA,2022-05-22 21:11:24,52.839,-110.8572,58.98,31,100,9.44,overcast clouds
293,Japura,ID,2022-05-22 21:12:39,-0.3167,102.35,74.05,99,94,1.63,overcast clouds
294,Lulea,SE,2022-05-22 21:12:40,65.5842,22.1547,50.07,66,0,2.3,clear sky
295,Camacha,PT,2022-05-22 21:12:40,33.0833,-16.3333,63.82,72,40,12.66,scattered clouds
296,Mecca,SA,2022-05-22 21:09:25,21.4267,39.8261,86.0,37,0,5.3,clear sky
297,Lenine,UA,2022-05-22 21:12:41,45.2986,35.7771,55.71,81,55,10.04,broken clouds
298,Sistranda,NO,2022-05-22 21:19:42,63.7256,8.834,53.56,85,100,13.06,light rain
299,Wajima,JP,2022-05-22 21:19:43,37.4,136.9,59.49,86,78,12.71,broken clouds
300,Lazaro Cardenas,MX,2022-05-22 21:19:43,17.9583,-102.2,83.66,62,15,11.23,few clouds
301,Buchanan,LR,2022-05-22 21:09:16,5.8808,-10.0467,77.52,86,100,7.23,light rain
302,Salym,RU,2022-05-22 21:12:41,60.0625,71.4789,43.81,87,100,7.36,light rain
303,Zangakatun,AM,2022-05-22 21:12:42,39.8212,45.0406,56.41,48,83,4.97,broken clouds
304,Lejanias,CO,2022-05-22 21:12:42,3.5251,-74.0216,77.22,78,63,6.73,broken clouds
305,Yar-Sale,RU,2022-05-22 21:19:44,66.8333,70.8333,33.17,92,100,27.38,overcast clouds
306,Horadiz,AZ,2022-05-22 21:11:07,39.4488,47.3353,68.97,48,100,3.8,overcast clouds
307,Karratha,AU,2022-05-22 21:12:42,-20.7377,116.8463,77.25,75,99,6.13,overcast clouds
308,Ukiah,US,2022-05-22 21:09:36,39.1502,-123.2078,84.43,31,0,10.36,clear sky
309,Kovdor,RU,2022-05-22 21:12:43,67.5662,30.4758,34.18,99,100,2.48,light snow
310,Jiuquan,CN,2022-05-22 21:12:43,39.7432,98.5174,60.55,30,5,3.94,clear sky
311,Yokadouma,CM,2022-05-22 21:08:06,3.5167,15.05,70.63,97,95,1.97,light rain
312,Colac,AU,2022-05-22 21:12:43,-38.3333,143.5833,46.83,97,6,3.94,clear sky
313,Oranjestad,AW,2022-05-22 21:12:44,12.524,-70.027,85.95,66,20,25.32,few clouds
314,Honiara,SB,2022-05-22 21:12:44,-9.4333,159.95,80.89,77,2,3.53,clear sky
315,Cabo San Lucas,MX,2022-05-22 21:11:35,22.8909,-109.9124,85.6,47,0,11.5,clear sky
316,Asyut,EG,2022-05-22 21:12:44,27.181,31.1837,73.94,22,0,8.28,clear sky
317,Lac Du Bonnet,CA,2022-05-22 21:12:45,50.2536,-96.0612,56.1,35,8,4.92,clear sky
318,Katherine,AU,2022-05-22 21:12:45,-14.4667,132.2667,64.72,68,99,5.75,overcast clouds
319,Matanza,CO,2022-05-22 21:12:45,7.3223,-73.0152,70.43,75,23,3.38,few clouds
320,Gazanjyk,TM,2022-05-22 21:12:46,39.2446,55.5154,71.11,34,3,15.66,clear sky
321,Tezu,IN,2022-05-22 21:12:46,27.9167,96.1667,70.97,82,12,4.52,few clouds
322,Clyde River,CA,2022-05-22 21:19:45,70.4692,-68.5914,19.63,93,100,27.63,light snow
323,Alghero,IT,2022-05-22 21:19:46,40.5589,8.3181,62.69,88,0,1.14,clear sky
324,Sur,OM,2022-05-22 21:16:33,22.5667,59.5289,91.4,43,0,14.07,clear sky
325,Pochutla,MX,2022-05-22 21:12:47,15.7432,-96.4661,88.83,45,0,10.18,clear sky
326,Tazovskiy,RU,2022-05-22 21:10:20,67.4667,78.7,35.47,95,100,15.9,overcast clouds
327,Masakin,TN,2022-05-22 21:09:16,35.7292,10.5808,74.66,69,0,3.44,clear sky
328,Orlik,RU,2022-05-22 21:12:47,52.5178,99.825,49.75,62,90,2.91,overcast clouds
329,Richards Bay,ZA,2022-05-22 21:19:47,-28.783,32.0377,62.47,88,100,17.02,moderate rain
330,Parnarama,BR,2022-05-22 21:12:48,-5.6817,-43.0933,76.37,78,41,2.42,scattered clouds
331,Nuuk,GL,2022-05-22 21:19:47,64.1835,-51.7216,36.21,80,75,36.82,light shower sleet
332,Naze,JP,2022-05-22 21:16:45,28.3667,129.4833,65.32,71,100,3.74,moderate rain
333,Kyakhta,RU,2022-05-22 21:12:48,50.3508,106.4494,53.8,49,96,3.74,overcast clouds
334,Batetskiy,RU,2022-05-22 21:12:49,58.6461,30.3027,35.47,65,0,4.34,clear sky
335,Hasaki,JP,2022-05-22 21:05:19,35.7333,140.8333,59.29,89,100,13.73,overcast clouds
336,Vila Franca Do Campo,PT,2022-05-22 21:19:47,37.7167,-25.4333,70.2,94,87,3.58,overcast clouds
337,Usinsk,RU,2022-05-22 21:12:49,65.9939,57.5281,32.47,93,100,29.1,light snow
338,San Luis,AR,2022-05-22 21:19:48,-33.295,-66.3356,64.76,33,90,8.5,overcast clouds
339,Mpwapwa,TZ,2022-05-22 21:12:50,-6.35,36.4833,62.53,92,31,4.09,scattered clouds
340,Bandarbeyla,SO,2022-05-22 21:07:54,9.4942,50.8122,80.62,85,65,21.05,broken clouds
341,Lata,PT,2022-05-22 21:12:50,40.1629,-8.3327,65.07,92,77,3.98,broken clouds
342,Banda Aceh,ID,2022-05-22 21:09:14,5.5577,95.3222,80.74,78,100,13.6,overcast clouds
343,Ust-Ishim,RU,2022-05-22 21:12:51,57.6935,71.1665,40.23,93,100,4.63,overcast clouds
344,Namibe,AO,2022-05-22 21:12:51,-15.1961,12.1522,68.65,76,0,4.65,clear sky
345,Korcula,HR,2022-05-22 21:12:51,42.9622,17.1369,69.73,76,38,2.44,scattered clouds
346,Sao Filipe,CV,2022-05-22 21:19:49,14.8961,-24.4956,71.85,78,8,9.28,clear sky
347,Obihiro,JP,2022-05-22 21:12:52,42.9172,143.2044,55.54,83,98,1.9,overcast clouds
348,Nhulunbuy,AU,2022-05-22 21:12:52,-12.2333,136.7667,77.61,94,100,3.44,overcast clouds
349,Zarya,RU,2022-05-22 21:12:53,55.7553,38.0958,41.38,77,32,4.54,scattered clouds
350,Kruisfontein,ZA,2022-05-22 21:19:49,-34.0033,24.7314,51.89,76,100,3.67,overcast clouds
351,Ordu,TR,2022-05-22 21:12:53,40.9086,37.6845,52.3,85,84,3.36,light rain
352,Tigil,RU,2022-05-22 21:12:53,57.8,158.6667,50.0,61,22,7.29,few clouds
353,Dawlatabad,AF,2022-05-22 21:12:54,36.4141,64.9053,63.52,30,0,5.01,clear sky
354,Vercelli,IT,2022-05-22 21:12:54,45.3231,8.4153,73.13,84,100,1.05,light rain
355,Jambi,ID,2022-05-22 21:12:54,-1.6,103.6167,74.41,99,94,2.86,light rain
356,Muisne,EC,2022-05-22 21:12:54,0.6,-80.0333,79.27,86,98,10.29,light rain
357,Floro,NO,2022-05-22 21:12:55,61.5996,5.0328,55.36,71,75,13.8,broken clouds
358,Wageningen,NL,2022-05-22 21:12:55,51.9667,5.6667,63.05,67,100,4.61,overcast clouds
359,Georgetown,MY,2022-05-22 21:16:31,5.4112,100.3354,80.53,93,20,3.44,few clouds
360,Mbekenyera,TZ,2022-05-22 21:19:50,-10.0,38.9833,68.36,75,28,3.65,scattered clouds
361,Guerrero Negro,MX,2022-05-22 21:19:51,27.9769,-114.0611,68.4,55,0,16.93,clear sky
362,Port Said,EG,2022-05-22 21:12:56,31.2565,32.2841,69.8,76,0,18.5,clear sky
363,Mokhsogollokh,RU,2022-05-22 21:12:56,61.4681,128.9203,44.46,83,100,1.1,light rain
364,Ahipara,NZ,2022-05-22 21:09:51,-35.1667,173.1667,61.07,68,100,11.32,overcast clouds
365,Goya,AR,2022-05-22 21:12:56,-29.14,-59.2626,63.09,67,0,5.5,clear sky
366,Namatanai,PG,2022-05-22 21:15:51,-3.6667,152.4333,81.1,67,48,10.36,scattered clouds
367,Kindu,CD,2022-05-22 21:12:57,-2.95,25.95,69.42,99,73,1.54,light rain
368,Adrar,MR,2022-05-22 21:12:57,20.5022,-10.0711,92.84,11,87,7.87,overcast clouds
369,Pedro Juan Caballero,PY,2022-05-22 21:12:57,-22.5472,-55.7333,66.16,59,0,2.3,clear sky
370,Bani,DO,2022-05-22 21:12:58,18.2833,-70.3333,82.85,65,37,12.24,scattered clouds
371,Najran,SA,2022-05-22 21:19:52,17.4924,44.1277,77.65,12,0,2.15,clear sky
372,Caravelas,BR,2022-05-22 21:10:11,-17.7125,-39.2481,70.43,77,3,5.53,clear sky
373,Horni Briza,CZ,2022-05-22 21:12:58,49.8401,13.3556,55.98,67,86,1.99,overcast clouds
374,Blind River,CA,2022-05-22 21:12:58,46.1834,-82.9582,50.77,53,82,14.52,broken clouds
375,Jimenez,MX,2022-05-22 21:12:59,28.3333,-105.4,96.69,12,91,4.7,overcast clouds
376,Santa Maria Da Vitoria,BR,2022-05-22 21:12:59,-13.3947,-44.1886,77.36,40,15,4.83,few clouds
377,Puerto Cabezas,NI,2022-05-22 21:13:00,14.0351,-83.3888,79.0,86,100,10.33,light rain
378,Kaniama,CD,2022-05-22 21:13:00,-7.5667,24.1833,72.88,66,97,3.09,overcast clouds
379,Acarau,BR,2022-05-22 21:19:53,-2.8856,-40.12,78.13,85,32,7.2,scattered clouds
380,Dalvik,IS,2022-05-22 21:13:00,65.9702,-18.5286,38.35,96,100,5.91,overcast clouds
381,Vanavara,RU,2022-05-22 21:13:01,60.34,102.2797,43.14,93,17,3.29,few clouds
382,Frontera,MX,2022-05-22 21:13:01,26.9333,-101.45,73.15,83,100,12.66,overcast clouds
383,Barranca,PE,2022-05-22 21:13:02,-10.75,-77.7667,67.21,75,9,6.91,clear sky
384,Yerbogachen,RU,2022-05-22 21:19:53,61.2767,108.0108,46.26,92,76,2.8,broken clouds
385,Leh,IN,2022-05-22 21:19:53,34.1667,77.5833,44.65,53,98,7.76,overcast clouds
386,Gouyave,GD,2022-05-22 21:13:02,12.1646,-61.7296,79.38,76,86,14.67,overcast clouds
387,Ariquemes,BR,2022-05-22 21:13:03,-9.9133,-63.0408,82.04,66,20,1.66,few clouds
388,Panlaitan,PH,2022-05-22 21:13:03,12.1191,119.8486,80.82,83,100,9.24,light rain
389,Ati,TD,2022-05-22 21:13:03,13.2154,18.3353,91.04,12,99,14.81,overcast clouds
390,Coolum Beach,AU,2022-05-22 21:13:04,-26.5333,153.1,63.34,98,91,11.95,overcast clouds
391,Honggang,CN,2022-05-22 21:13:04,46.4667,124.8667,64.36,36,63,12.44,broken clouds
392,Vanimo,PG,2022-05-22 21:13:04,-2.6741,141.3028,77.99,87,88,4.21,overcast clouds
393,Donskoye,RU,2022-05-22 21:13:05,45.4552,41.9741,57.33,94,36,6.2,scattered clouds
394,Leninskoye,KZ,2022-05-22 21:13:05,41.7589,69.3864,49.75,61,95,3.36,overcast clouds
395,Kibre Mengist,ET,2022-05-22 21:13:05,5.8833,38.9833,57.11,97,93,2.68,overcast clouds
396,Isangel,VU,2022-05-22 21:19:54,-19.55,169.2667,77.11,94,40,0.0,scattered clouds
397,Narsaq,GL,2022-05-22 21:19:55,60.9167,-46.05,39.42,99,100,6.73,light rain
398,Trinidad,BO,2022-05-22 21:13:06,-14.8333,-64.9,77.58,68,62,2.84,broken clouds
399,Turukhansk,RU,2022-05-22 21:13:06,65.8167,87.9833,52.0,75,87,5.32,overcast clouds
400,Sakakah,SA,2022-05-22 21:13:07,29.9697,40.2064,79.29,26,1,21.23,clear sky
401,Beloha,MG,2022-05-22 21:13:07,-25.1667,45.05,64.67,91,5,6.04,clear sky
402,Dashitou,CN,2022-05-22 21:13:07,43.3067,128.5114,49.06,71,7,3.65,clear sky
403,Taft,IR,2022-05-22 21:13:07,31.7471,54.2088,64.35,14,0,4.61,dust
404,Chake Chake,TZ,2022-05-22 21:13:08,-5.2459,39.7666,76.75,81,100,10.25,overcast clouds
405,Anadyr,RU,2022-05-22 21:19:56,64.75,177.4833,48.7,66,0,6.71,clear sky
406,Dingle,PH,2022-05-22 21:19:56,10.9995,122.6711,76.57,87,100,3.8,overcast clouds
407,Mackenzie,CA,2022-05-22 21:13:08,55.2999,-123.1698,65.89,27,69,10.0,broken clouds
408,Mbarara,UG,2022-05-22 21:13:09,-0.608,30.65,63.95,88,80,2.39,broken clouds
409,Kolyvan,RU,2022-05-22 21:13:09,55.3053,82.7391,56.82,56,100,17.13,overcast clouds
410,Angren,UZ,2022-05-22 21:13:09,41.0167,70.1436,49.19,82,93,4.12,overcast clouds
411,Savannah Bight,HN,2022-05-22 21:13:10,16.45,-85.85,82.54,76,100,19.89,overcast clouds
412,Vao,NC,2022-05-22 21:13:10,-22.6667,167.4833,75.04,87,87,9.57,overcast clouds
413,Jiaxing,CN,2022-05-22 21:13:10,30.7522,120.75,65.1,83,100,6.58,overcast clouds
414,Mackay,AU,2022-05-22 21:13:11,-21.15,149.2,68.68,84,83,13.13,broken clouds
415,Komsomolskiy,UZ,2022-05-22 21:19:57,40.4272,71.7189,52.52,87,100,0.0,overcast clouds
416,Olafsvik,IS,2022-05-22 21:13:12,64.8945,-23.7142,44.94,65,0,12.44,clear sky
417,Bani Walid,LY,2022-05-22 21:13:12,31.7566,13.9942,68.34,32,0,8.95,clear sky
418,Rodeo,US,2022-05-22 21:13:12,38.033,-122.2669,90.1,40,0,9.22,clear sky
419,Vigeland,NO,2022-05-22 21:13:13,58.0844,7.305,54.95,83,100,4.45,overcast clouds
420,Batsfjord,NO,2022-05-22 21:13:13,70.6345,29.7185,39.13,93,75,6.91,broken clouds
421,Matehuala,MX,2022-05-22 21:13:13,23.65,-100.65,88.7,20,16,19.71,few clouds
422,Nanortalik,GL,2022-05-22 21:19:58,60.1432,-45.2371,37.29,96,99,8.75,overcast clouds
423,Serenje,ZM,2022-05-22 21:13:14,-13.2325,30.2352,59.56,89,93,2.08,overcast clouds
424,Te Anau,NZ,2022-05-22 21:13:14,-45.4167,167.7167,38.08,90,13,0.31,few clouds
425,Jaguaruna,BR,2022-05-22 21:13:14,-28.615,-49.0256,58.82,80,100,0.65,overcast clouds
426,Krasnyy Chikoy,RU,2022-05-22 21:13:15,50.3643,108.7512,48.97,78,100,1.01,overcast clouds
427,Havre-Saint-Pierre,CA,2022-05-22 21:13:15,50.2334,-63.5986,48.51,90,100,12.46,overcast clouds
428,Half Moon Bay,US,2022-05-22 21:15:15,37.4636,-122.4286,88.57,68,0,20.71,haze
429,Bathsheba,BB,2022-05-22 21:19:59,13.2167,-59.5167,83.01,74,40,18.41,scattered clouds
430,Sola,VU,2022-05-22 21:13:16,-13.8833,167.55,81.27,83,40,0.0,scattered clouds
431,Selma,US,2022-05-22 21:13:16,36.5708,-119.6121,89.65,24,9,9.69,clear sky
432,Inta,RU,2022-05-22 21:13:16,66.0317,60.1659,33.93,91,100,20.6,overcast clouds
433,Hobyo,SO,2022-05-22 21:19:59,5.3505,48.5268,80.11,83,100,29.01,overcast clouds
434,Morant Bay,JM,2022-05-22 21:13:17,17.8815,-76.4093,81.75,72,100,10.29,overcast clouds
435,Senanga,ZM,2022-05-22 21:13:17,-16.1167,23.2667,52.48,35,0,4.97,clear sky
436,Giyani,ZA,2022-05-22 21:13:17,-23.3025,30.7187,55.31,93,4,6.6,light rain
437,Damaturu,NG,2022-05-22 21:13:18,11.747,11.9608,90.23,18,50,1.41,scattered clouds
438,Olga,RU,2022-05-22 21:13:18,43.7444,135.2892,46.76,94,68,8.32,broken clouds
439,Ketchikan,US,2022-05-22 21:13:19,55.3422,-131.6461,55.87,67,20,14.97,few clouds
440,Camabatela,AO,2022-05-22 21:13:19,-8.1881,15.375,62.64,85,52,2.68,broken clouds
441,Gizo,SB,2022-05-22 21:20:00,-8.103,156.8419,82.36,76,24,6.35,few clouds
442,Ixtapa,MX,2022-05-22 21:10:42,20.7,-105.2,79.83,69,0,11.5,clear sky
443,Springville,US,2022-05-22 21:13:20,40.1652,-111.6107,69.1,17,40,4.61,scattered clouds
444,Grand Gaube,MU,2022-05-22 21:13:20,-20.0064,57.6608,73.8,79,5,5.01,light rain
445,Kulhudhuffushi,MV,2022-05-22 21:13:20,6.6221,73.07,83.16,78,34,15.26,scattered clouds
446,Gallup,US,2022-05-22 21:13:21,35.5281,-108.7426,76.84,14,0,24.16,clear sky
447,Saint-Lo,FR,2022-05-22 21:13:21,49.1162,-1.0903,61.23,96,100,4.18,overcast clouds
448,Hudson Bay,CA,2022-05-22 21:13:21,52.85,-102.3842,61.09,30,98,10.65,overcast clouds
449,Quatre Cocos,MU,2022-05-22 21:20:02,-20.2078,57.7625,73.51,68,32,14.72,scattered clouds
450,Cabedelo,BR,2022-05-22 21:20:03,-6.9811,-34.8339,79.47,82,23,17.45,few clouds
451,Morshyn,UA,2022-05-22 21:13:22,49.1565,23.8723,47.19,92,85,6.73,overcast clouds
452,Aguimes,ES,2022-05-22 21:13:22,27.9054,-15.4461,67.66,73,75,24.16,broken clouds
453,Inzer,RU,2022-05-22 21:13:22,54.2167,57.5556,36.05,97,97,4.23,overcast clouds
454,Codrington,AU,2022-05-22 21:20:04,-38.2667,141.9667,43.43,92,2,7.56,clear sky
455,Beringovskiy,RU,2022-05-22 21:20:04,63.05,179.3167,41.32,74,99,9.13,overcast clouds
456,Salalah,OM,2022-05-22 21:20:05,17.0151,54.0924,84.29,84,75,6.91,broken clouds
457,Chokurdakh,RU,2022-05-22 21:17:31,70.6333,147.9167,32.49,100,100,1.63,light snow
458,Kuryk,KZ,2022-05-22 21:13:23,43.2,51.65,60.69,57,0,14.41,clear sky
459,Villanueva De Cordoba,ES,2022-05-22 21:13:24,38.3228,-4.6287,61.47,59,0,4.88,clear sky
460,Manuk Mangkaw,PH,2022-05-22 21:13:24,4.8,119.85,83.3,70,100,3.38,overcast clouds
461,San Rafael Del Sur,NI,2022-05-22 21:13:24,11.8485,-86.4384,81.97,72,100,5.7,overcast clouds
462,Otradnoye,RU,2022-05-22 21:13:25,59.7775,30.8181,44.04,59,11,2.57,few clouds
463,Zamostea,RO,2022-05-22 21:13:25,47.8667,26.2,56.71,82,79,8.52,broken clouds
464,Minot,US,2022-05-22 21:13:25,48.2325,-101.2963,61.02,27,100,12.66,overcast clouds
465,Valparaiso,CL,2022-05-22 21:13:26,-33.0393,-71.6273,62.83,47,0,9.22,clear sky
466,Mayo,US,2022-05-22 21:13:26,38.8876,-76.5119,90.01,67,0,9.22,clear sky
467,Bahar,IR,2022-05-22 21:13:27,34.9072,48.4414,62.82,27,2,4.27,clear sky
468,Mikhaylovka,RU,2022-05-22 21:13:27,50.06,43.2379,49.78,97,100,4.29,overcast clouds
469,Mamlyutka,KZ,2022-05-22 21:13:27,54.9375,68.5394,47.08,69,100,16.22,overcast clouds
470,Paamiut,GL,2022-05-22 21:17:32,61.994,-49.6678,34.68,88,100,22.17,overcast clouds
471,Coihaique,CL,2022-05-22 21:18:16,-45.5752,-72.0662,37.35,81,40,9.22,scattered clouds
472,Kiama,AU,2022-05-22 21:20:06,-34.6833,150.8667,54.57,93,100,5.01,light rain
473,Itaituba,BR,2022-05-22 21:13:28,-4.2761,-55.9836,82.67,73,66,0.72,broken clouds
474,Sangmelima,CM,2022-05-22 21:13:28,2.9333,11.9833,67.73,99,71,3.11,broken clouds
475,Marquette,US,2022-05-22 21:13:28,46.5333,-87.6335,49.77,73,100,7.92,overcast clouds
476,Mongoumba,CF,2022-05-22 21:13:29,3.6415,18.5936,74.88,81,71,3.13,broken clouds
477,Matara,LK,2022-05-22 21:13:29,5.9485,80.5353,78.21,90,42,10.49,scattered clouds
478,Chara,RU,2022-05-22 21:13:29,56.9064,118.2631,44.33,76,95,1.86,overcast clouds
479,Burgeo,CA,2022-05-22 21:13:30,47.6167,-57.6152,49.12,90,95,6.08,overcast clouds
480,Tabory,RU,2022-05-22 21:13:30,58.5198,64.5495,34.97,95,7,4.88,clear sky
481,Ostrovnoy,RU,2022-05-22 21:15:41,68.0531,39.5131,30.45,83,15,9.51,few clouds
482,Kirakira,SB,2022-05-22 21:13:31,-10.4544,161.9205,82.15,78,72,2.91,broken clouds
483,Pike Creek,US,2022-05-22 21:13:31,39.7309,-75.7041,91.74,57,0,14.97,clear sky
484,Aykhal,RU,2022-05-22 21:10:34,66.0,111.5,50.23,59,12,5.95,few clouds
485,Nizwa,OM,2022-05-22 21:13:31,22.9333,57.5333,87.39,18,0,4.05,clear sky
486,Crixas,BR,2022-05-22 21:13:32,-14.5489,-49.9692,72.3,33,42,2.55,scattered clouds
487,Samarai,PG,2022-05-22 21:10:23,-10.6167,150.6667,80.17,80,24,5.23,few clouds
488,Nouadhibou,MR,2022-05-22 21:20:09,20.931,-17.0347,66.18,88,1,18.41,clear sky
489,Quchan,IR,2022-05-22 21:13:32,37.106,58.5095,52.32,56,0,12.77,clear sky
490,Curillo,CO,2022-05-22 21:13:33,1.0333,-75.9191,85.21,60,45,3.4,scattered clouds
491,Berlevag,NO,2022-05-22 21:20:10,70.8578,29.0864,39.15,81,75,5.75,broken clouds
492,Verkhnevilyuysk,RU,2022-05-22 21:13:33,63.4453,120.3167,47.97,64,81,1.92,broken clouds
493,Santa Catalina,PH,2022-05-22 21:13:33,9.3337,122.8637,78.51,83,98,0.25,overcast clouds
494,Uyemskiy,RU,2022-05-22 21:13:34,64.4743,40.8524,30.25,80,75,8.95,broken clouds
495,Shenjiamen,CN,2022-05-22 21:13:34,29.9576,122.298,65.75,87,100,8.75,moderate rain
496,Gimli,CA,2022-05-22 21:13:34,50.6336,-96.9907,54.05,47,46,7.7,scattered clouds
497,Ust-Kulom,RU,2022-05-22 21:13:35,61.6864,53.6902,32.61,99,100,2.77,light snow
498,Sept-Iles,CA,2022-05-22 21:19:55,50.2001,-66.3821,54.12,80,100,10.36,moderate rain
499,Les Cayes,HT,2022-05-22 21:20:11,18.2,-73.75,81.37,73,100,5.59,overcast clouds
500,Susurluk,TR,2022-05-22 21:13:35,39.9136,28.1578,68.49,81,81,2.64,light rain
501,Matay,EG,2022-05-22 21:13:35,28.419,30.7792,73.54,31,0,8.52,clear sky
502,Clarence Town,AU,2022-05-22 21:13:36,-32.5833,151.7833,57.85,97,97,2.39,light rain
503,Bosaso,SO,2022-05-22 21:13:36,11.2842,49.1816,85.6,56,14,4.32,few clouds
504,Poum,NC,2022-05-22 21:17:35,-20.2333,164.0167,78.98,78,0,12.17,clear sky
505,Salinopolis,BR,2022-05-22 21:13:14,-0.6136,-47.3561,78.17,84,36,5.88,scattered clouds
506,Kibala,TD,2022-05-22 21:13:37,9.1104,18.3463,88.14,35,89,2.8,overcast clouds
507,Maldonado,UY,2022-05-22 21:20:11,-34.6667,-54.9167,57.22,73,71,3.36,broken clouds
508,Saint Anthony,US,2022-05-22 21:20:12,45.0205,-93.218,58.3,37,100,12.66,overcast clouds
509,Beitbridge,ZW,2022-05-22 21:13:37,-22.2167,30.0,61.47,44,0,10.47,clear sky
510,Kushmurun,KZ,2022-05-22 21:13:37,52.4503,64.6311,48.13,73,100,8.32,overcast clouds
511,Saint-Georges,GD,2022-05-22 21:13:38,12.0564,-61.7485,80.28,73,91,12.77,overcast clouds
512,Jiangyou,CN,2022-05-22 21:13:38,31.7667,104.7167,64.38,87,8,2.08,clear sky
513,Ancud,CL,2022-05-22 21:20:12,-41.8697,-73.8203,48.09,69,3,15.39,light rain
514,Nishihara,JP,2022-05-22 21:20:13,26.1842,127.7558,74.48,86,100,8.05,overcast clouds
515,Palotina,BR,2022-05-22 21:09:28,-24.2839,-53.84,61.12,68,97,3.58,overcast clouds
516,Brigantine,US,2022-05-22 21:13:39,39.4101,-74.3646,89.2,73,0,9.22,clear sky
517,Maragogi,BR,2022-05-22 21:13:39,-9.0122,-35.2225,76.75,81,22,12.66,few clouds
518,Miranda,CO,2022-05-22 21:11:21,3.2499,-76.2281,82.53,78,93,2.68,overcast clouds
519,Eskilstuna,SE,2022-05-22 21:13:39,59.3666,16.5077,48.72,56,18,5.99,few clouds
520,Alpena,US,2022-05-22 21:13:40,45.0617,-83.4327,55.72,50,100,10.36,overcast clouds
521,Hit,IQ,2022-05-22 21:13:40,33.6416,42.8251,85.71,14,15,5.26,few clouds
522,Longjiang,CN,2022-05-22 21:13:41,47.3303,123.1836,62.15,46,8,7.2,clear sky
523,Barra,BR,2022-05-22 21:13:41,-11.0894,-43.1417,80.37,48,23,3.13,few clouds
524,Emerald,AU,2022-05-22 21:20:14,-23.5333,148.1667,60.35,90,41,11.61,scattered clouds
525,San Jeronimo,PE,2022-05-22 21:13:41,-11.9472,-75.2829,63.05,44,84,1.45,broken clouds
526,Morehead,US,2022-05-22 21:13:42,37.2711,-87.1764,65.95,75,100,4.61,overcast clouds
527,Chirawa,IN,2022-05-22 21:13:42,28.2408,75.6448,88.07,19,4,15.17,clear sky
528,North Bend,US,2022-05-22 21:15:15,43.4065,-124.2243,72.25,91,0,14.97,clear sky
529,Matadi,CD,2022-05-22 21:13:43,-5.8167,13.45,72.57,86,68,4.56,broken clouds
530,Morrope,PE,2022-05-22 21:13:43,-6.5417,-80.0111,69.91,67,12,18.03,few clouds
531,Mujiayingzi,CN,2022-05-22 21:10:21,42.1167,118.7833,63.21,50,96,6.38,overcast clouds
532,Amos,CA,2022-05-22 21:13:43,48.5669,-78.1162,43.9,81,100,5.32,overcast clouds
533,Kaihua,CN,2022-05-22 21:13:44,23.3687,104.28,59.54,98,100,4.34,overcast clouds
534,Green River,US,2022-05-22 21:11:14,41.5286,-109.4662,59.18,26,92,1.99,overcast clouds
535,Tahta,EG,2022-05-22 21:13:44,26.7693,31.5021,75.25,21,0,10.27,clear sky
536,Murgab,TM,2022-05-22 21:13:44,37.4966,61.9714,65.16,29,0,7.65,clear sky
537,Tabou,CI,2022-05-22 21:13:45,4.423,-7.3528,76.08,85,100,4.76,light rain
538,Riohacha,CO,2022-05-22 21:13:45,11.5444,-72.9072,89.22,55,2,14.79,clear sky
539,Lavrentiya,RU,2022-05-22 21:20:16,65.5833,-171.0,39.11,81,100,8.46,overcast clouds
540,Chenove,FR,2022-05-22 21:13:45,47.2932,5.0046,67.42,68,0,1.14,clear sky
541,Mount Isa,AU,2022-05-22 21:13:46,-20.7333,139.5,55.17,88,1,6.91,clear sky
542,Sinnamary,GF,2022-05-22 21:13:46,5.3833,-52.95,78.55,86,95,6.38,light rain
543,Padang,ID,2022-05-22 21:20:16,-0.9492,100.3543,76.41,86,84,4.23,broken clouds
544,Barcelos,PT,2022-05-22 21:13:47,41.5388,-8.6151,64.85,95,62,4.56,broken clouds
545,Bereda,ES,2022-05-22 21:13:47,43.2686,-7.5406,60.42,99,100,2.77,overcast clouds
546,Aksarka,RU,2022-05-22 21:13:47,66.5606,67.7975,33.4,88,100,28.7,overcast clouds
547,Valleyview,CA,2022-05-22 21:13:48,55.0667,-117.2859,62.04,35,52,8.72,broken clouds
548,Vaitape,PF,2022-05-22 21:13:48,-16.5167,-151.75,80.8,72,12,15.05,few clouds
549,Ngemplak,ID,2022-05-22 21:13:49,-7.5497,110.7164,74.37,90,57,2.37,broken clouds
550,Las Choapas,MX,2022-05-22 21:13:49,17.9333,-94.0833,107.42,19,0,9.8,clear sky
551,Guiglo,CI,2022-05-22 21:13:49,6.5456,-7.4966,70.84,99,100,3.47,light rain
552,Gigmoto,PH,2022-05-22 21:13:49,13.7796,124.39,79.81,84,100,6.08,overcast clouds
553,Jak,HU,2022-05-22 21:13:50,47.1425,16.5815,53.15,68,54,5.99,broken clouds
554,Kaohsiung,TW,2022-05-22 21:13:50,22.6163,120.3133,78.04,90,69,3.44,broken clouds
555,Rafaela,AR,2022-05-22 21:20:17,-31.2503,-61.4867,68.99,40,28,1.99,scattered clouds
556,Zhigansk,RU,2022-05-22 21:10:43,66.7697,123.3711,38.93,69,94,5.41,overcast clouds
557,The Valley,AI,2022-05-22 21:10:31,18.217,-63.0578,83.82,74,20,13.8,few clouds
558,Omboue,GA,2022-05-22 21:13:51,-1.5746,9.2618,75.2,82,31,8.12,scattered clouds
559,Oussouye,SN,2022-05-22 21:13:51,12.485,-16.5469,78.98,71,77,11.14,broken clouds
560,Navahrudak,BY,2022-05-22 21:10:22,53.6,25.8333,46.49,91,100,4.65,overcast clouds
561,Nantucket,US,2022-05-22 21:15:37,41.2835,-70.0995,68.02,82,0,10.36,clear sky
562,Gravdal,NO,2022-05-22 21:13:52,68.1214,13.5031,44.49,100,75,2.3,light rain
563,Smidovich,RU,2022-05-22 21:13:52,48.6,133.8167,45.23,77,46,9.55,scattered clouds
564,Yalvac,TR,2022-05-22 21:13:52,38.2956,31.1778,52.66,81,10,1.72,clear sky
565,Ruteng,ID,2022-05-22 21:13:53,-8.6136,120.4721,60.85,93,15,1.05,few clouds
566,West Lorne,CA,2022-05-22 21:13:53,42.6001,-81.5998,54.68,66,100,11.59,overcast clouds
567,Ponta Delgada,PT,2022-05-22 21:20:19,37.7333,-25.6667,70.5,100,75,9.22,broken clouds
568,Havoysund,NO,2022-05-22 21:20:19,70.9963,24.6622,44.83,84,9,3.11,clear sky
569,Monywa,MM,2022-05-22 21:13:53,22.1167,95.1333,87.48,58,55,10.83,broken clouds
570,Tual,ID,2022-05-22 21:20:19,-5.6667,132.75,83.14,76,39,15.43,scattered clouds
571,Carballo,ES,2022-05-22 21:20:20,43.213,-8.691,61.02,93,62,2.48,broken clouds
572,Sanary-Sur-Mer,FR,2022-05-22 21:13:54,43.1178,5.8001,71.53,87,66,5.01,broken clouds
573,College,US,2022-05-22 21:17:33,64.8569,-147.8028,68.29,24,40,11.5,scattered clouds
574,Harper,LR,2022-05-22 21:13:54,4.375,-7.7169,75.69,87,100,4.97,light rain
575,Lebork,PL,2022-05-22 21:13:55,54.5392,17.7501,46.92,85,8,1.52,clear sky
576,Karwar,IN,2022-05-22 21:13:55,14.8,74.1333,79.43,84,100,4.74,overcast clouds
577,Ballina,AU,2022-05-22 21:20:21,-28.8667,153.5667,58.78,83,42,12.17,light rain
578,Bundaberg,AU,2022-05-22 21:13:56,-24.85,152.35,64.22,96,100,10.85,moderate rain
579,Kimbe,PG,2022-05-22 21:20:21,-5.5502,150.1429,77.29,90,51,3.09,broken clouds
580,Mehriz,IR,2022-05-22 21:13:56,31.5917,54.4318,64.9,15,0,0.74,clear sky
581,Pangnirtung,CA,2022-05-22 21:20:21,66.1451,-65.7125,31.37,87,92,5.1,overcast clouds
582,Koubia,GN,2022-05-22 21:13:56,11.5833,-11.9,78.44,52,77,4.14,broken clouds
583,Guilin,CN,2022-05-22 21:13:57,25.2819,110.2864,63.55,99,100,0.34,overcast clouds
584,Mishelevka,RU,2022-05-22 21:13:57,52.8575,103.1719,52.74,87,98,5.79,overcast clouds
585,Altamira,BR,2022-05-22 21:13:57,-3.2033,-52.2064,79.25,73,99,1.14,overcast clouds
586,Henties Bay,NA,2022-05-22 21:20:22,-22.116,14.2845,59.85,71,3,6.44,clear sky
587,Biltine,TD,2022-05-22 21:13:58,14.5333,20.9167,89.53,13,42,14.83,scattered clouds
588,Chimbote,PE,2022-05-22 21:13:58,-9.0853,-78.5783,67.62,76,51,9.19,broken clouds
589,Shingu,JP,2022-05-22 21:20:22,33.7333,135.9833,64.51,75,1,5.91,clear sky
590,Ngatea,NZ,2022-05-22 21:13:59,-37.2833,175.5,57.04,93,93,4.94,overcast clouds
591,Walvis Bay,NA,2022-05-22 21:13:59,-22.9575,14.5053,61.09,38,6,8.21,clear sky
592,Havelock,US,2022-05-22 21:14:00,34.8791,-76.9013,82.98,80,100,11.01,overcast clouds
593,Inongo,CD,2022-05-22 21:14:00,-1.95,18.2667,71.11,96,96,3.24,light rain
594,Palmer,US,2022-05-22 21:20:23,42.1584,-72.3287,93.78,43,40,16.11,scattered clouds
595,Fomboni,KM,2022-05-22 21:14:00,-12.28,43.7425,80.29,75,85,12.59,overcast clouds
596,Joshimath,IN,2022-05-22 21:14:01,30.5667,79.5667,57.6,81,70,2.04,broken clouds
597,Marawi,PH,2022-05-22 21:14:01,7.9986,124.2928,69.85,91,99,2.48,overcast clouds
598,Maniitsoq,GL,2022-05-22 21:20:23,65.4167,-52.9,33.04,99,100,18.97,snow
599,Rio Gallegos,AR,2022-05-22 21:20:24,-51.6226,-69.2181,39.25,60,0,11.5,clear sky
600,Mabaruma,GY,2022-05-22 21:14:01,8.2,-59.7833,73.08,99,100,4.45,overcast clouds
601,Sao Gabriel Da Cachoeira,BR,2022-05-22 21:14:02,-0.1303,-67.0892,78.28,78,76,1.34,broken clouds
602,Balkanabat,TM,2022-05-22 21:09:10,39.5108,54.3671,72.37,29,16,17.69,few clouds
603,Kang,BW,2022-05-22 21:11:17,-23.6752,22.7876,49.62,59,1,5.1,clear sky
604,Presidencia Roque Saenz Pena,AR,2022-05-22 21:14:02,-26.7852,-60.4388,66.58,55,0,6.24,clear sky
605,Inverell,AU,2022-05-22 21:14:03,-29.7833,151.1167,58.66,89,98,4.0,overcast clouds
606,La Ronge,CA,2022-05-22 21:14:03,55.1001,-105.2842,58.53,25,100,11.34,overcast clouds
607,Akhmim,EG,2022-05-22 21:14:03,26.5622,31.745,74.91,21,0,8.9,clear sky
608,Tucuman,AR,2022-05-22 21:10:11,-26.8241,-65.2226,75.2,41,0,2.3,clear sky
609,Krasnyy Yar,RU,2022-05-22 21:14:04,46.5331,48.3456,57.13,78,29,7.14,scattered clouds
610,Dudinka,RU,2022-05-22 21:09:57,69.4058,86.1778,33.62,100,100,6.26,overcast clouds
611,Dorokhovo,RU,2022-05-22 21:14:04,55.5506,36.3744,33.51,80,9,4.68,clear sky
612,Imbituba,BR,2022-05-22 21:14:05,-28.24,-48.6703,65.86,92,99,3.58,overcast clouds
613,Mana,GF,2022-05-22 21:14:05,5.6592,-53.7767,78.04,85,97,3.6,overcast clouds
614,Labytnangi,RU,2022-05-22 21:20:25,66.6572,66.4183,32.67,87,100,33.62,overcast clouds
615,Papara,BR,2022-05-22 21:14:05,-3.9839,-38.7273,79.2,90,12,3.11,few clouds
616,Moa,CU,2022-05-22 21:14:06,20.6569,-74.9403,82.24,70,98,12.82,overcast clouds
617,Tafresh,IR,2022-05-22 21:14:06,34.692,50.013,62.11,24,2,2.19,clear sky
618,Sambava,MG,2022-05-22 21:14:07,-14.2667,50.1667,71.98,87,23,10.04,light rain
619,Yalutorovsk,RU,2022-05-22 21:14:07,56.6536,66.3006,42.75,87,91,11.54,overcast clouds
620,Lysyye Gory,RU,2022-05-22 21:14:07,51.5506,44.8414,47.01,94,100,4.36,overcast clouds
621,Mananjary,MG,2022-05-22 21:14:08,-21.2167,48.3333,67.73,94,17,4.7,few clouds
622,Bagdarin,RU,2022-05-22 21:14:08,54.4333,113.6,38.61,87,42,1.45,scattered clouds
623,Kharan,PK,2022-05-22 21:14:09,28.5833,65.4167,79.45,12,0,7.36,clear sky
624,Tandalti,SD,2022-05-22 21:14:09,13.0167,31.8667,86.16,17,100,11.34,overcast clouds
625,Luganville,VU,2022-05-22 21:14:09,-15.5333,167.1667,79.11,87,11,1.88,few clouds
626,Novaya Lyalya,RU,2022-05-22 21:14:09,59.055,60.599,31.98,96,23,6.91,few clouds
627,Broken Hill,AU,2022-05-22 21:14:10,-31.95,141.4333,53.56,81,2,6.26,clear sky
628,Kutum,SD,2022-05-22 21:14:10,14.2,24.6667,77.9,18,38,6.2,scattered clouds
629,Vostochnyy,RU,2022-05-22 21:14:11,55.8167,37.8667,41.27,73,37,4.52,scattered clouds
630,Malinovskiy,RU,2022-05-22 21:14:11,61.1953,62.8397,35.87,97,100,9.04,overcast clouds
631,Sioux Lookout,CA,2022-05-22 21:17:36,50.1001,-91.917,55.47,26,75,12.66,broken clouds
632,Ljungby,SE,2022-05-22 21:14:12,56.8332,13.9408,54.16,86,35,4.43,scattered clouds
633,Santa Maria,BR,2022-05-22 21:14:12,-29.6842,-53.8069,56.37,87,70,3.91,broken clouds
634,Noumea,NC,2022-05-22 21:14:12,-22.2763,166.4572,77.0,99,46,6.26,light rain
635,Salamiyah,SY,2022-05-22 21:14:13,35.0113,37.0532,60.21,71,0,18.86,clear sky
636,Lidkoping,SE,2022-05-22 21:14:13,58.5052,13.1577,53.62,91,6,1.66,clear sky
637,Conde,BR,2022-05-22 21:20:27,-7.2597,-34.9075,78.26,89,75,10.36,broken clouds
638,Fiumicino,IT,2022-05-22 21:14:14,41.7675,12.2291,72.01,84,0,3.44,clear sky
639,Wanaka,NZ,2022-05-22 21:14:14,-44.7,169.15,40.46,76,5,3.24,clear sky
640,Tateyama,JP,2022-05-22 21:14:14,34.9833,139.8667,66.31,88,9,7.31,clear sky
641,Zlitan,LY,2022-05-22 21:14:14,32.4674,14.5687,69.31,48,0,6.64,clear sky
642,Karatsu,JP,2022-05-22 21:14:15,33.4425,129.9697,64.9,26,100,4.16,overcast clouds
643,Sobolevo,RU,2022-05-22 21:20:28,54.4299,31.8996,40.24,71,9,5.84,clear sky
644,Severo-Yeniseyskiy,RU,2022-05-22 21:14:15,60.3725,93.0408,41.34,90,0,2.95,clear sky
645,Kavaratti,IN,2022-05-22 21:14:16,10.5669,72.642,82.96,80,96,17.74,overcast clouds
646,Bantva,IN,2022-05-22 21:14:16,21.4864,70.0689,83.52,70,32,18.14,scattered clouds
647,Peschanokopskoye,RU,2022-05-22 21:14:16,46.1961,41.0775,54.5,91,100,8.57,overcast clouds
648,Verkhnetulomskiy,RU,2022-05-22 21:14:17,68.6073,31.7962,37.53,99,100,2.37,overcast clouds
649,Nerchinskiy Zavod,RU,2022-05-22 21:14:17,51.3088,119.61,46.6,75,98,2.71,overcast clouds
650,Moose Factory,CA,2022-05-22 21:14:17,51.2585,-80.6094,50.36,45,100,4.29,overcast clouds
651,Jieshi,CN,2022-05-22 21:14:18,22.8134,115.8257,75.94,89,100,13.49,overcast clouds
652,Soe,ID,2022-05-22 21:14:18,-9.8607,124.284,64.04,94,40,4.25,scattered clouds
653,Berdigestyakh,RU,2022-05-22 21:14:18,62.0989,126.6992,44.22,81,18,3.13,few clouds
654,Amot,NO,2022-05-22 21:14:19,59.5714,7.9877,49.15,78,100,3.69,overcast clouds
655,Awjilah,LY,2022-05-22 21:14:19,29.1081,21.2869,73.17,27,0,8.99,clear sky
656,Antsohihy,MG,2022-05-22 21:14:19,-14.8796,47.9875,75.02,63,96,7.63,overcast clouds
657,Olinda,BR,2022-05-22 21:20:29,-8.0089,-34.8553,82.13,74,75,16.11,broken clouds
658,Christiana,ZA,2022-05-22 21:14:20,-27.914,25.1611,52.38,72,7,8.39,clear sky
659,Winona,US,2022-05-22 21:11:14,43.9666,-91.7668,55.42,64,100,7.29,overcast clouds
660,Dunmore Town,BS,2022-05-22 21:11:15,25.5,-76.65,78.89,78,100,16.4,overcast clouds
661,Kenai,US,2022-05-22 21:20:30,60.5544,-151.2583,69.03,29,0,10.36,clear sky
662,Chor,PK,2022-05-22 21:14:20,25.5167,69.7667,83.61,76,2,22.75,clear sky
663,Columbia,US,2022-05-22 21:14:21,34.0007,-81.0348,89.08,53,20,13.8,few clouds
664,Kaabong,UG,2022-05-22 21:14:21,3.4836,34.1492,65.46,75,52,4.34,light rain
665,Aconibe,GQ,2022-05-22 21:14:21,1.2968,10.9369,67.44,99,57,2.46,moderate rain
666,Ust-Kuyga,RU,2022-05-22 21:14:22,70.0167,135.6,33.13,88,98,2.15,overcast clouds
667,Port Augusta,AU,2022-05-22 21:20:30,-32.5,137.7667,60.24,70,99,4.27,overcast clouds
668,Zaozerne,UA,2022-05-22 21:14:22,45.1582,33.2787,58.42,77,33,10.47,scattered clouds
669,Novokayakent,RU,2022-05-22 21:14:22,42.3937,47.9861,62.33,61,0,1.79,clear sky
670,Avera,US,2022-05-22 21:20:31,33.194,-82.5271,91.38,33,100,9.89,overcast clouds
671,Coquimbo,CL,2022-05-22 21:20:31,-29.9533,-71.3436,62.33,72,0,10.36,clear sky
672,Aksu,CN,2022-05-22 21:14:23,41.1231,80.2644,76.19,24,100,13.06,overcast clouds
673,Pindiga,NG,2022-05-22 21:14:23,9.9833,10.9333,82.04,52,84,9.44,light rain
674,Opunake,NZ,2022-05-22 21:14:24,-39.4556,173.8583,54.84,64,61,14.54,broken clouds
675,Kamenka,RU,2022-05-22 21:09:26,51.3223,42.7678,44.19,94,89,6.67,overcast clouds
676,Lewistown,US,2022-05-22 21:20:32,40.5992,-77.5714,83.61,54,20,12.66,few clouds
677,Vila Velha,BR,2022-05-22 21:16:34,-20.3297,-40.2925,73.35,73,75,5.75,broken clouds
678,Los Llanos De Aridane,ES,2022-05-22 21:14:24,28.6585,-17.9182,65.95,87,100,18.41,overcast clouds
679,Bilma,NE,2022-05-22 21:14:25,18.6853,12.9164,89.04,10,96,5.73,overcast clouds
680,Hong Gai,VN,2022-05-22 21:14:25,20.956,107.0946,78.71,94,96,3.65,moderate rain
681,Laguna,US,2022-05-22 21:20:34,38.421,-121.4238,91.29,19,0,8.05,clear sky
682,Luanda,AO,2022-05-22 21:17:49,-8.8368,13.2343,73.4,83,20,6.91,few clouds
683,Shinjo,JP,2022-05-22 21:14:25,38.7586,140.3008,53.38,98,100,3.58,light rain
684,Severnoye,RU,2022-05-22 21:14:26,56.3491,78.3619,47.73,62,76,12.3,broken clouds
685,Erzin,TR,2022-05-22 21:14:26,36.9559,36.2,61.68,84,49,4.21,scattered clouds
686,Esil,KZ,2022-05-22 21:14:26,51.9556,66.4042,49.28,62,99,7.43,overcast clouds
687,Oistins,BB,2022-05-22 21:14:27,13.0667,-59.5333,82.49,74,40,18.41,scattered clouds
688,Swedru,GH,2022-05-22 21:14:27,5.5371,-0.6998,72.52,94,95,4.16,overcast clouds
689,Concepcion,CL,2022-05-22 21:12:11,-36.827,-73.0498,53.4,100,100,6.91,moderate rain
690,Bakuriani,GE,2022-05-22 21:14:28,41.7497,43.5325,47.21,97,100,3.49,overcast clouds
691,Tilichiki,RU,2022-05-22 21:20:37,60.4667,166.1,40.42,74,0,4.21,clear sky
692,Srednekolymsk,RU,2022-05-22 21:20:38,67.45,153.6833,54.21,43,72,14.05,broken clouds
693,Dandong,CN,2022-05-22 21:14:28,40.1292,124.3947,57.42,90,31,2.42,scattered clouds
694,Lewisporte,CA,2022-05-22 21:11:24,49.2499,-55.0482,61.56,68,95,8.93,overcast clouds
695,Jiayuguan,CN,2022-05-22 21:14:28,39.8167,98.3,60.17,29,11,4.29,few clouds
696,Khasan,RU,2022-05-22 21:14:29,42.4308,130.6434,52.79,76,10,3.74,clear sky
697,Belle Glade,US,2022-05-22 21:14:29,26.6845,-80.6676,89.02,52,46,13.89,scattered clouds
698,Dovers,VC,2022-05-22 21:14:29,12.8833,-61.1833,80.35,75,48,15.84,scattered clouds
699,Handan,CN,2022-05-22 21:14:30,36.6006,114.4678,70.14,54,2,8.25,clear sky
700,Merauke,ID,2022-05-22 21:14:30,-8.4667,140.3333,78.58,85,21,11.18,few clouds
701,Novobirilyussy,RU,2022-05-22 21:20:41,56.9514,90.6661,51.03,60,100,5.44,overcast clouds
702,El Alto,PE,2022-05-22 21:14:30,-4.2714,-81.2147,69.55,75,27,20.45,scattered clouds
703,Mezen,RU,2022-05-22 21:20:41,65.8522,44.24,28.54,81,93,13.24,overcast clouds
704,Hay River,CA,2022-05-22 21:17:51,60.8156,-115.7999,42.78,65,75,6.91,broken clouds
705,Paso De Los Toros,UY,2022-05-22 21:14:31,-32.8167,-56.5167,55.96,79,14,6.38,few clouds
706,Tadine,NC,2022-05-22 21:14:31,-21.55,167.8833,76.39,84,57,7.7,broken clouds
707,Nambucca Heads,AU,2022-05-22 21:14:32,-30.65,153.0,59.16,96,100,9.91,light rain
708,High Level,CA,2022-05-22 21:10:05,58.5169,-117.136,57.38,33,77,6.53,broken clouds
709,Whyalla,AU,2022-05-22 21:14:32,-33.0333,137.5833,61.03,71,74,5.5,broken clouds
710,Aborlan,PH,2022-05-22 21:14:33,9.4352,118.5492,78.42,85,97,0.87,overcast clouds
711,Peleduy,RU,2022-05-22 21:14:33,59.6289,112.7406,44.1,93,89,1.72,overcast clouds
712,Merritt Island,US,2022-05-22 21:14:33,28.5392,-80.672,91.49,66,0,13.8,clear sky
